config_id,alpha,beta,gamma,ridge_lambda,ratio_estimator,clipping,candidate_pool_size,adaptive_gamma,ess_floor,cond_ref,gamma_ess_scale,gamma_cond_scale,pooled_gap_mean,pooled_p_value,pooled_test,pooled_n_pairs,stability_mse_mean,pooled_mse_mean,holm_adjusted_p,stability_beats_pooled,holm_significant
cfg_0113,0.1,0.1,0.0,0.0001,gaussian_diag_proxy,none,8,True,200.0,120.0,0.8,0.25,-0.03577211353747478,0.000213623046875,paired_wilcoxon,15,0.14810027153429037,0.18387238507176515,0.081390380859375,True,False
cfg_0112,0.1,0.1,0.0,0.0001,gaussian_diag_proxy,none,8,False,200.0,120.0,0.8,0.25,-0.03577211353747478,0.000213623046875,paired_wilcoxon,15,0.14810027153429037,0.18387238507176515,0.08160400390625,True,False
cfg_0097,0.1,0.1,0.0,1e-05,gaussian_diag_proxy,none,8,True,200.0,120.0,0.8,0.25,-0.03577209586058873,0.000213623046875,paired_wilcoxon,15,0.14810029155603358,0.18387238741662232,0.081817626953125,True,False
cfg_0096,0.1,0.1,0.0,1e-05,gaussian_diag_proxy,none,8,False,200.0,120.0,0.8,0.25,-0.03577209586058873,0.000213623046875,paired_wilcoxon,15,0.14810029155603358,0.18387238741662232,0.08203125,True,False
cfg_0109,0.1,0.1,0.0,1e-05,logistic_ratio_proxy,p99,8,True,200.0,120.0,0.8,0.25,-0.0074662729839272855,0.000504013981256746,paired_t_test,15,0.13564949138041246,0.1431157643643397,0.18799721500876626,True,False
cfg_0108,0.1,0.1,0.0,1e-05,logistic_ratio_proxy,p99,8,False,200.0,120.0,0.8,0.25,-0.0074662729839272855,0.000504013981256746,paired_t_test,15,0.13564949138041246,0.1431157643643397,0.188501228990023,True,False
cfg_0013,0.1,0.0,0.0,1e-05,logistic_ratio_proxy,p99,8,True,200.0,120.0,0.8,0.25,-0.0074662729839272855,0.000504013981256746,paired_t_test,15,0.13564949138041246,0.1431157643643397,0.18900524297127974,True,False
cfg_0012,0.1,0.0,0.0,1e-05,logistic_ratio_proxy,p99,8,False,200.0,120.0,0.8,0.25,-0.0074662729839272855,0.000504013981256746,paired_t_test,15,0.13564949138041246,0.1431157643643397,0.18950925695253648,True,False
cfg_0125,0.1,0.1,0.0,0.0001,logistic_ratio_proxy,p99,8,True,200.0,120.0,0.8,0.25,-0.00746628452958921,0.0005040078162498508,paired_t_test,15,0.13564947941946795,0.14311576394905715,0.19001094672619376,True,False
cfg_0124,0.1,0.1,0.0,0.0001,logistic_ratio_proxy,p99,8,False,200.0,120.0,0.8,0.25,-0.00746628452958921,0.0005040078162498508,paired_t_test,15,0.13564947941946795,0.14311576394905715,0.1905149545424436,True,False
cfg_0029,0.1,0.0,0.0,0.0001,logistic_ratio_proxy,p99,8,True,200.0,120.0,0.8,0.25,-0.00746628452958921,0.0005040078162498508,paired_t_test,15,0.13564947941946795,0.14311576394905715,0.19101896235869345,True,False
cfg_0028,0.1,0.0,0.0,0.0001,logistic_ratio_proxy,p99,8,False,200.0,120.0,0.8,0.25,-0.00746628452958921,0.0005040078162498508,paired_t_test,15,0.13564947941946795,0.14311576394905715,0.1915229701749433,True,False
cfg_0140,0.1,0.1,0.1,1e-05,logistic_ratio_proxy,p99,8,False,200.0,120.0,0.8,0.25,-0.007384015109509332,0.0005775769323830691,paired_t_test,15,0.1357317492548304,0.1431157643643397,0.21428104191411862,True,False
cfg_0156,0.1,0.1,0.1,0.0001,logistic_ratio_proxy,p99,8,False,200.0,120.0,0.8,0.25,-0.007384025336669532,0.0005775713389903225,paired_t_test,15,0.1357317386123876,0.14311576394905715,0.21485653810439997,True,False
cfg_0044,0.1,0.0,0.1,1e-05,logistic_ratio_proxy,p99,8,False,200.0,120.0,0.8,0.25,-0.007206614201707378,0.0006108773478080076,paired_t_test,15,0.13590915016263236,0.1431157643643397,0.2254137413411548,True,False
cfg_0060,0.1,0.0,0.1,0.0001,logistic_ratio_proxy,p99,8,False,200.0,120.0,0.8,0.25,-0.007206625356480308,0.0006108712544183944,paired_t_test,15,0.13590913859257683,0.14311576394905715,0.22602236413480592,True,False
cfg_0141,0.1,0.1,0.1,1e-05,logistic_ratio_proxy,p99,8,True,200.0,120.0,0.8,0.25,-0.007252747385538594,0.0008715226210025942,paired_t_test,15,0.13586301697880115,0.1431157643643397,0.31984880190795206,True,False
cfg_0157,0.1,0.1,0.1,0.0001,logistic_ratio_proxy,p99,8,True,200.0,120.0,0.8,0.25,-0.007252754845791702,0.0008715220978338397,paired_t_test,15,0.13586300910326543,0.14311576394905715,0.320720132002853,True,False
cfg_0184,0.1,0.1,0.5,0.0001,logistic_ratio_proxy,none,8,False,200.0,120.0,0.8,0.25,-0.007889237754626192,0.0010033662162464508,paired_t_test,15,0.13497226978607677,0.14286150754070298,0.36422193649746165,True,False
cfg_0088,0.1,0.0,0.5,0.0001,logistic_ratio_proxy,none,8,False,200.0,120.0,0.8,0.25,-0.007889237754626192,0.0010033662162464508,paired_t_test,15,0.13497226978607677,0.14286150754070298,0.36522530271370807,True,False
cfg_0168,0.1,0.1,0.5,1e-05,logistic_ratio_proxy,none,8,False,200.0,120.0,0.8,0.25,-0.007889245972385729,0.0010033552941430858,paired_t_test,15,0.1349722619929685,0.1428615079653542,0.36622468236222633,True,False
cfg_0072,0.1,0.0,0.5,1e-05,logistic_ratio_proxy,none,8,False,200.0,120.0,0.8,0.25,-0.007889245972385729,0.0010033552941430858,paired_t_test,15,0.1349722619929685,0.1428615079653542,0.3672280376563694,True,False
cfg_0105,0.1,0.1,0.0,1e-05,logistic_ratio_proxy,none,8,True,200.0,120.0,0.8,0.25,-0.007128765972892254,0.0010974984083007002,paired_t_test,15,0.13573274199246196,0.1428615079653542,0.38961193494674856,True,False
cfg_0104,0.1,0.1,0.0,1e-05,logistic_ratio_proxy,none,8,False,200.0,120.0,0.8,0.25,-0.007128765972892254,0.0010974984083007002,paired_t_test,15,0.13573274199246196,0.1428615079653542,0.39070943335504926,True,False
cfg_0009,0.1,0.0,0.0,1e-05,logistic_ratio_proxy,none,8,True,200.0,120.0,0.8,0.25,-0.007128765972892254,0.0010974984083007002,paired_t_test,15,0.13573274199246196,0.1428615079653542,0.39180693176334996,True,False
cfg_0008,0.1,0.0,0.0,1e-05,logistic_ratio_proxy,none,8,False,200.0,120.0,0.8,0.25,-0.007128765972892254,0.0010974984083007002,paired_t_test,15,0.13573274199246196,0.1428615079653542,0.39290443017165066,True,False
cfg_0121,0.1,0.1,0.0,0.0001,logistic_ratio_proxy,none,8,True,200.0,120.0,0.8,0.25,-0.007128773199154903,0.0010974914241923136,paired_t_test,15,0.13573273434154806,0.14286150754070298,0.39399942128504056,True,False
cfg_0120,0.1,0.1,0.0,0.0001,logistic_ratio_proxy,none,8,False,200.0,120.0,0.8,0.25,-0.007128773199154903,0.0010974914241923136,paired_t_test,15,0.13573273434154806,0.14286150754070298,0.39509691270923286,True,False
cfg_0025,0.1,0.0,0.0,0.0001,logistic_ratio_proxy,none,8,True,200.0,120.0,0.8,0.25,-0.007128773199154903,0.0010974914241923136,paired_t_test,15,0.13573273434154806,0.14286150754070298,0.3961944041334252,True,False
cfg_0024,0.1,0.0,0.0,0.0001,logistic_ratio_proxy,none,8,False,200.0,120.0,0.8,0.25,-0.007128773199154903,0.0010974914241923136,paired_t_test,15,0.13573273434154806,0.14286150754070298,0.3972918955576175,True,False
cfg_0045,0.1,0.0,0.1,1e-05,logistic_ratio_proxy,p99,8,True,200.0,120.0,0.8,0.25,-0.006812881791903516,0.0014588761365546775,paired_t_test,15,0.13630288257243622,0.1431157643643397,0.5149832762038011,True,False
cfg_0061,0.1,0.0,0.1,0.0001,logistic_ratio_proxy,p99,8,True,200.0,120.0,0.8,0.25,-0.006812890737898774,0.001458872336517321,paired_t_test,15,0.13630287321115836,0.14311576394905715,0.5164408071271316,True,False
cfg_0237,0.3,0.0,0.1,1e-05,logistic_ratio_proxy,p99,8,True,200.0,120.0,0.8,0.25,-0.006636397854743467,0.0015590343066545118,paired_t_test,15,0.1364793665095963,0.1431157643643397,0.5441029730224246,True,False
cfg_0236,0.3,0.0,0.1,1e-05,logistic_ratio_proxy,p99,8,False,200.0,120.0,0.8,0.25,-0.006636397854743467,0.0015590343066545118,paired_t_test,15,0.1364793665095963,0.1431157643643397,0.5456620073290791,True,False
cfg_0253,0.3,0.0,0.1,0.0001,logistic_ratio_proxy,p99,8,True,200.0,120.0,0.8,0.25,-0.006636410714049618,0.001559014839146709,paired_t_test,15,0.1364793532350075,0.14311576394905715,0.5472142085404949,True,False
cfg_0252,0.3,0.0,0.1,0.0001,logistic_ratio_proxy,p99,8,False,200.0,120.0,0.8,0.25,-0.006636410714049618,0.001559014839146709,paired_t_test,15,0.1364793532350075,0.14311576394905715,0.5487732233796415,True,False
cfg_0285,0.3,0.0,0.5,0.0001,logistic_ratio_proxy,p99,8,True,200.0,120.0,0.8,0.25,-0.006662422387874243,0.0019129129029174402,paired_t_test,15,0.13645334156118288,0.14311576394905715,0.6637807773123517,True,False
cfg_0269,0.3,0.0,0.5,1e-05,logistic_ratio_proxy,p99,8,True,200.0,120.0,0.8,0.25,-0.006662420799388392,0.0019129048384456846,paired_t_test,15,0.13645334356495134,0.1431157643643397,0.6656908837790982,True,False
cfg_0092,0.1,0.0,0.5,0.0001,logistic_ratio_proxy,p99,8,False,200.0,120.0,0.8,0.25,-0.006978564968611351,0.0026376262521546146,paired_t_test,15,0.1361371989804458,0.14311576394905715,0.9099810569933421,True,False
cfg_0076,0.1,0.0,0.5,1e-05,logistic_ratio_proxy,p99,8,False,200.0,120.0,0.8,0.25,-0.006978576560165683,0.0026375770554692263,paired_t_test,15,0.13613718780417405,0.1431157643643397,0.9126016611923523,True,False
cfg_0383,0.3,0.1,0.5,0.0001,logistic_ratio_proxy,p99,16,True,200.0,120.0,0.8,0.25,0.023813125700762126,0.98492431640625,paired_wilcoxon,15,0.15850397738712638,0.13469085168636424,0.98492431640625,False,False
cfg_0000,0.1,0.0,0.0,1e-05,gaussian_diag_proxy,none,8,False,200.0,120.0,0.8,0.25,-0.018549608355666432,0.11452742214534468,paired_t_test,15,0.16532277906095588,0.18387238741662232,1.0,True,False
cfg_0001,0.1,0.0,0.0,1e-05,gaussian_diag_proxy,none,8,True,200.0,120.0,0.8,0.25,-0.018549608355666432,0.11452742214534468,paired_t_test,15,0.16532277906095588,0.18387238741662232,1.0,True,False
cfg_0016,0.1,0.0,0.0,0.0001,gaussian_diag_proxy,none,8,False,200.0,120.0,0.8,0.25,-0.018549584447398793,0.11452781673255606,paired_t_test,15,0.16532280062436636,0.18387238507176515,1.0,True,False
cfg_0017,0.1,0.0,0.0,0.0001,gaussian_diag_proxy,none,8,True,200.0,120.0,0.8,0.25,-0.018549584447398793,0.11452781673255606,paired_t_test,15,0.16532280062436636,0.18387238507176515,1.0,True,False
cfg_0114,0.1,0.1,0.0,0.0001,gaussian_diag_proxy,none,16,False,200.0,120.0,0.8,0.25,-0.017193142642629493,0.380767822265625,paired_wilcoxon,15,0.14490946451181513,0.1621026071544446,1.0,True,False
cfg_0115,0.1,0.1,0.0,0.0001,gaussian_diag_proxy,none,16,True,200.0,120.0,0.8,0.25,-0.017193142642629493,0.380767822265625,paired_wilcoxon,15,0.14490946451181513,0.1621026071544446,1.0,True,False
cfg_0098,0.1,0.1,0.0,1e-05,gaussian_diag_proxy,none,16,False,200.0,120.0,0.8,0.25,-0.01719312402978553,0.380767822265625,paired_wilcoxon,15,0.1449094838062119,0.16210260783599742,1.0,True,False
cfg_0099,0.1,0.1,0.0,1e-05,gaussian_diag_proxy,none,16,True,200.0,120.0,0.8,0.25,-0.01719312402978553,0.380767822265625,paired_wilcoxon,15,0.1449094838062119,0.16210260783599742,1.0,True,False
cfg_0054,0.1,0.0,0.1,0.0001,gaussian_diag_proxy,p99,16,False,200.0,120.0,0.8,0.25,-0.015556122349479272,0.1038818359375,paired_wilcoxon,15,0.13655311116243302,0.15210923351191227,1.0,True,False
cfg_0055,0.1,0.0,0.1,0.0001,gaussian_diag_proxy,p99,16,True,200.0,120.0,0.8,0.25,-0.015556122349479272,0.1038818359375,paired_wilcoxon,15,0.13655311116243302,0.15210923351191227,1.0,True,False
cfg_0150,0.1,0.1,0.1,0.0001,gaussian_diag_proxy,p99,16,False,200.0,120.0,0.8,0.25,-0.015556122349479272,0.1038818359375,paired_wilcoxon,15,0.13655311116243302,0.15210923351191227,1.0,True,False
cfg_0151,0.1,0.1,0.1,0.0001,gaussian_diag_proxy,p99,16,True,200.0,120.0,0.8,0.25,-0.015556122349479272,0.1038818359375,paired_wilcoxon,15,0.13655311116243302,0.15210923351191227,1.0,True,False
cfg_0038,0.1,0.0,0.1,1e-05,gaussian_diag_proxy,p99,16,False,200.0,120.0,0.8,0.25,-0.015556118066026513,0.1038818359375,paired_wilcoxon,15,0.1365531159391041,0.15210923400513063,1.0,True,False
cfg_0039,0.1,0.0,0.1,1e-05,gaussian_diag_proxy,p99,16,True,200.0,120.0,0.8,0.25,-0.015556118066026513,0.1038818359375,paired_wilcoxon,15,0.1365531159391041,0.15210923400513063,1.0,True,False
cfg_0134,0.1,0.1,0.1,1e-05,gaussian_diag_proxy,p99,16,False,200.0,120.0,0.8,0.25,-0.015556118066026513,0.1038818359375,paired_wilcoxon,15,0.1365531159391041,0.15210923400513063,1.0,True,False
cfg_0135,0.1,0.1,0.1,1e-05,gaussian_diag_proxy,p99,16,True,200.0,120.0,0.8,0.25,-0.015556118066026513,0.1038818359375,paired_wilcoxon,15,0.1365531159391041,0.15210923400513063,1.0,True,False
cfg_0247,0.3,0.0,0.1,0.0001,gaussian_diag_proxy,p99,16,True,200.0,120.0,0.8,0.25,-0.014976472622647221,0.151397705078125,paired_wilcoxon,15,0.13713276088926504,0.15210923351191227,1.0,True,False
cfg_0342,0.3,0.1,0.1,0.0001,gaussian_diag_proxy,p99,16,False,200.0,120.0,0.8,0.25,-0.014976472622647221,0.151397705078125,paired_wilcoxon,15,0.13713276088926504,0.15210923351191227,1.0,True,False
cfg_0343,0.3,0.1,0.1,0.0001,gaussian_diag_proxy,p99,16,True,200.0,120.0,0.8,0.25,-0.014976472622647221,0.151397705078125,paired_wilcoxon,15,0.13713276088926504,0.15210923351191227,1.0,True,False
cfg_0231,0.3,0.0,0.1,1e-05,gaussian_diag_proxy,p99,16,True,200.0,120.0,0.8,0.25,-0.014976464380076892,0.151397705078125,paired_wilcoxon,15,0.13713276962505372,0.15210923400513063,1.0,True,False
cfg_0326,0.3,0.1,0.1,1e-05,gaussian_diag_proxy,p99,16,False,200.0,120.0,0.8,0.25,-0.014976464380076892,0.151397705078125,paired_wilcoxon,15,0.13713276962505372,0.15210923400513063,1.0,True,False
cfg_0327,0.3,0.1,0.1,1e-05,gaussian_diag_proxy,p99,16,True,200.0,120.0,0.8,0.25,-0.014976464380076892,0.151397705078125,paired_wilcoxon,15,0.13713276962505372,0.15210923400513063,1.0,True,False
cfg_0278,0.3,0.0,0.5,0.0001,gaussian_diag_proxy,p99,16,False,200.0,120.0,0.8,0.25,-0.014860244696080447,0.151397705078125,paired_wilcoxon,15,0.1372489888158318,0.15210923351191227,1.0,True,False
cfg_0374,0.3,0.1,0.5,0.0001,gaussian_diag_proxy,p99,16,False,200.0,120.0,0.8,0.25,-0.014860244696080447,0.151397705078125,paired_wilcoxon,15,0.1372489888158318,0.15210923351191227,1.0,True,False
cfg_0262,0.3,0.0,0.5,1e-05,gaussian_diag_proxy,p99,16,False,200.0,120.0,0.8,0.25,-0.014860232029738503,0.151397705078125,paired_wilcoxon,15,0.13724900197539208,0.15210923400513063,1.0,True,False
cfg_0358,0.3,0.1,0.5,1e-05,gaussian_diag_proxy,p99,16,False,200.0,120.0,0.8,0.25,-0.014860232029738503,0.151397705078125,paired_wilcoxon,15,0.13724900197539208,0.15210923400513063,1.0,True,False
cfg_0086,0.1,0.0,0.5,0.0001,gaussian_diag_proxy,p99,16,False,200.0,120.0,0.8,0.25,-0.01467473984947761,0.151397705078125,paired_wilcoxon,15,0.13743449366243465,0.15210923351191227,1.0,True,False
cfg_0087,0.1,0.0,0.5,0.0001,gaussian_diag_proxy,p99,16,True,200.0,120.0,0.8,0.25,-0.01467473984947761,0.151397705078125,paired_wilcoxon,15,0.13743449366243465,0.15210923351191227,1.0,True,False
cfg_0182,0.1,0.1,0.5,0.0001,gaussian_diag_proxy,p99,16,False,200.0,120.0,0.8,0.25,-0.01467473984947761,0.151397705078125,paired_wilcoxon,15,0.13743449366243465,0.15210923351191227,1.0,True,False
cfg_0183,0.1,0.1,0.5,0.0001,gaussian_diag_proxy,p99,16,True,200.0,120.0,0.8,0.25,-0.01467473984947761,0.151397705078125,paired_wilcoxon,15,0.13743449366243465,0.15210923351191227,1.0,True,False
cfg_0070,0.1,0.0,0.5,1e-05,gaussian_diag_proxy,p99,16,False,200.0,120.0,0.8,0.25,-0.014674732575708532,0.151397705078125,paired_wilcoxon,15,0.1374345014294221,0.15210923400513063,1.0,True,False
cfg_0071,0.1,0.0,0.5,1e-05,gaussian_diag_proxy,p99,16,True,200.0,120.0,0.8,0.25,-0.014674732575708532,0.151397705078125,paired_wilcoxon,15,0.1374345014294221,0.15210923400513063,1.0,True,False
cfg_0166,0.1,0.1,0.5,1e-05,gaussian_diag_proxy,p99,16,False,200.0,120.0,0.8,0.25,-0.014674732575708532,0.151397705078125,paired_wilcoxon,15,0.1374345014294221,0.15210923400513063,1.0,True,False
cfg_0167,0.1,0.1,0.5,1e-05,gaussian_diag_proxy,p99,16,True,200.0,120.0,0.8,0.25,-0.014674732575708532,0.151397705078125,paired_wilcoxon,15,0.1374345014294221,0.15210923400513063,1.0,True,False
cfg_0279,0.3,0.0,0.5,0.0001,gaussian_diag_proxy,p99,16,True,200.0,120.0,0.8,0.25,-0.01438415469517492,0.210601806640625,paired_wilcoxon,15,0.13772507881673732,0.15210923351191227,1.0,True,False
cfg_0375,0.3,0.1,0.5,0.0001,gaussian_diag_proxy,p99,16,True,200.0,120.0,0.8,0.25,-0.01438415469517492,0.210601806640625,paired_wilcoxon,15,0.13772507881673732,0.15210923351191227,1.0,True,False
cfg_0263,0.3,0.0,0.5,1e-05,gaussian_diag_proxy,p99,16,True,200.0,120.0,0.8,0.25,-0.014384143293512907,0.210601806640625,paired_wilcoxon,15,0.13772509071161773,0.15210923400513063,1.0,True,False
cfg_0359,0.3,0.1,0.5,1e-05,gaussian_diag_proxy,p99,16,True,200.0,120.0,0.8,0.25,-0.014384143293512907,0.210601806640625,paired_wilcoxon,15,0.13772509071161773,0.15210923400513063,1.0,True,False
cfg_0246,0.3,0.0,0.1,0.0001,gaussian_diag_proxy,p99,16,False,200.0,120.0,0.8,0.25,-0.013127160844002748,0.28070068359375,paired_wilcoxon,15,0.13898207266790952,0.15210923351191227,1.0,True,False
cfg_0230,0.3,0.0,0.1,1e-05,gaussian_diag_proxy,p99,16,False,200.0,120.0,0.8,0.25,-0.013127152788106222,0.28070068359375,paired_wilcoxon,15,0.1389820812170244,0.15210923400513063,1.0,True,False
cfg_0116,0.1,0.1,0.0,0.0001,gaussian_diag_proxy,p99,8,False,200.0,120.0,0.8,0.25,-0.012270212290256604,0.00484080499890314,paired_t_test,15,0.14556629790982806,0.15783651020008466,1.0,True,False
cfg_0117,0.1,0.1,0.0,0.0001,gaussian_diag_proxy,p99,8,True,200.0,120.0,0.8,0.25,-0.012270212290256604,0.00484080499890314,paired_t_test,15,0.14556629790982806,0.15783651020008466,1.0,True,False
cfg_0100,0.1,0.1,0.0,1e-05,gaussian_diag_proxy,p99,8,False,200.0,120.0,0.8,0.25,-0.012270207313012791,0.004840818227874359,paired_t_test,15,0.14556630362648462,0.15783651093949744,1.0,True,False
cfg_0101,0.1,0.1,0.0,1e-05,gaussian_diag_proxy,p99,8,True,200.0,120.0,0.8,0.25,-0.012270207313012791,0.004840818227874359,paired_t_test,15,0.14556630362648462,0.15783651093949744,1.0,True,False
cfg_0224,0.3,0.0,0.1,1e-05,gaussian_diag_proxy,none,8,False,200.0,120.0,0.8,0.25,-0.0118943702246369,0.0318603515625,paired_wilcoxon,15,0.17197801719198544,0.18387238741662232,1.0,True,False
cfg_0320,0.3,0.1,0.1,1e-05,gaussian_diag_proxy,none,8,False,200.0,120.0,0.8,0.25,-0.0118943702246369,0.0318603515625,paired_wilcoxon,15,0.17197801719198544,0.18387238741662232,1.0,True,False
cfg_0240,0.3,0.0,0.1,0.0001,gaussian_diag_proxy,none,8,False,200.0,120.0,0.8,0.25,-0.01189432646423608,0.0318603515625,paired_wilcoxon,15,0.17197805860752907,0.18387238507176515,1.0,True,False
cfg_0336,0.3,0.1,0.1,0.0001,gaussian_diag_proxy,none,8,False,200.0,120.0,0.8,0.25,-0.01189432646423608,0.0318603515625,paired_wilcoxon,15,0.17197805860752907,0.18387238507176515,1.0,True,False
cfg_0032,0.1,0.0,0.1,1e-05,gaussian_diag_proxy,none,8,False,200.0,120.0,0.8,0.25,-0.01137615603356961,0.0318603515625,paired_wilcoxon,15,0.17249623138305273,0.18387238741662232,1.0,True,False
cfg_0128,0.1,0.1,0.1,1e-05,gaussian_diag_proxy,none,8,False,200.0,120.0,0.8,0.25,-0.01137615603356961,0.0318603515625,paired_wilcoxon,15,0.17249623138305273,0.18387238741662232,1.0,True,False
cfg_0048,0.1,0.0,0.1,0.0001,gaussian_diag_proxy,none,8,False,200.0,120.0,0.8,0.25,-0.01137611215877606,0.0318603515625,paired_wilcoxon,15,0.17249627291298905,0.18387238507176515,1.0,True,False
cfg_0144,0.1,0.1,0.1,0.0001,gaussian_diag_proxy,none,8,False,200.0,120.0,0.8,0.25,-0.01137611215877606,0.0318603515625,paired_wilcoxon,15,0.17249627291298905,0.18387238507176515,1.0,True,False
cfg_0118,0.1,0.1,0.0,0.0001,gaussian_diag_proxy,p99,16,False,200.0,120.0,0.8,0.25,-0.0071934802003923845,0.532958984375,paired_wilcoxon,15,0.14491575331151987,0.15210923351191227,1.0,True,False
cfg_0119,0.1,0.1,0.0,0.0001,gaussian_diag_proxy,p99,16,True,200.0,120.0,0.8,0.25,-0.0071934802003923845,0.532958984375,paired_wilcoxon,15,0.14491575331151987,0.15210923351191227,1.0,True,False
cfg_0102,0.1,0.1,0.0,1e-05,gaussian_diag_proxy,p99,16,False,200.0,120.0,0.8,0.25,-0.007193470380203783,0.532958984375,paired_wilcoxon,15,0.14491576362492684,0.15210923400513063,1.0,True,False
cfg_0103,0.1,0.1,0.0,1e-05,gaussian_diag_proxy,p99,16,True,200.0,120.0,0.8,0.25,-0.007193470380203783,0.532958984375,paired_wilcoxon,15,0.14491576362492684,0.15210923400513063,1.0,True,False
cfg_0004,0.1,0.0,0.0,1e-05,gaussian_diag_proxy,p99,8,False,200.0,120.0,0.8,0.25,-0.007179473185902478,0.0400444663225117,paired_t_test,15,0.15065703775359493,0.15783651093949744,1.0,True,False
cfg_0005,0.1,0.0,0.0,1e-05,gaussian_diag_proxy,p99,8,True,200.0,120.0,0.8,0.25,-0.007179473185902478,0.0400444663225117,paired_t_test,15,0.15065703775359493,0.15783651093949744,1.0,True,False
cfg_0020,0.1,0.0,0.0,0.0001,gaussian_diag_proxy,p99,8,False,200.0,120.0,0.8,0.25,-0.007179472072439212,0.040044559784279087,paired_t_test,15,0.15065703812764544,0.15783651020008466,1.0,True,False
cfg_0021,0.1,0.0,0.0,0.0001,gaussian_diag_proxy,p99,8,True,200.0,120.0,0.8,0.25,-0.007179472072439212,0.040044559784279087,paired_t_test,15,0.15065703812764544,0.15783651020008466,1.0,True,False
cfg_0173,0.1,0.1,0.5,1e-05,logistic_ratio_proxy,p99,8,True,200.0,120.0,0.8,0.25,-0.0070443318875946645,0.003446416785509065,paired_t_test,15,0.13607143247674505,0.1431157643643397,1.0,True,False
cfg_0189,0.1,0.1,0.5,0.0001,logistic_ratio_proxy,p99,8,True,200.0,120.0,0.8,0.25,-0.007044320211422419,0.0034464722998294854,paired_t_test,15,0.13607144373763475,0.14311576394905715,1.0,True,False
cfg_0077,0.1,0.0,0.5,1e-05,logistic_ratio_proxy,p99,8,True,200.0,120.0,0.8,0.25,-0.007042232530358849,0.00345522355198856,paired_t_test,15,0.13607353183398088,0.1431157643643397,1.0,True,False
cfg_0093,0.1,0.0,0.5,0.0001,logistic_ratio_proxy,p99,8,True,200.0,120.0,0.8,0.25,-0.007042221340553152,0.0034552771540679672,paired_t_test,15,0.136073542608504,0.14311576394905715,1.0,True,False
cfg_0169,0.1,0.1,0.5,1e-05,logistic_ratio_proxy,none,8,True,200.0,120.0,0.8,0.25,-0.006808643693324898,0.0030651962821549128,paired_t_test,15,0.13605286427202934,0.1428615079653542,1.0,True,False
cfg_0185,0.1,0.1,0.5,0.0001,logistic_ratio_proxy,none,8,True,200.0,120.0,0.8,0.25,-0.006808638848898093,0.0030652109538678676,paired_t_test,15,0.13605286869180488,0.14286150754070298,1.0,True,False
cfg_0136,0.1,0.1,0.1,1e-05,logistic_ratio_proxy,none,8,False,200.0,120.0,0.8,0.25,-0.006760340852326584,0.004407676060891832,paired_t_test,15,0.13610116711302764,0.1428615079653542,1.0,True,False
cfg_0152,0.1,0.1,0.1,0.0001,logistic_ratio_proxy,none,8,False,200.0,120.0,0.8,0.25,-0.006760336513142859,0.004407705747122717,paired_t_test,15,0.1361011710275601,0.14286150754070298,1.0,True,False
cfg_0308,0.3,0.1,0.0,0.0001,gaussian_diag_proxy,p99,8,False,200.0,120.0,0.8,0.25,-0.006607778299109234,0.07663168122176152,paired_t_test,15,0.15122873190097544,0.15783651020008466,1.0,True,False
cfg_0309,0.3,0.1,0.0,0.0001,gaussian_diag_proxy,p99,8,True,200.0,120.0,0.8,0.25,-0.006607778299109234,0.07663168122176152,paired_t_test,15,0.15122873190097544,0.15783651020008466,1.0,True,False
cfg_0292,0.3,0.1,0.0,1e-05,gaussian_diag_proxy,p99,8,False,200.0,120.0,0.8,0.25,-0.006607774345328687,0.07663184102258985,paired_t_test,15,0.15122873659416874,0.15783651093949744,1.0,True,False
cfg_0293,0.3,0.1,0.0,1e-05,gaussian_diag_proxy,p99,8,True,200.0,120.0,0.8,0.25,-0.006607774345328687,0.07663184102258985,paired_t_test,15,0.15122873659416874,0.15783651093949744,1.0,True,False
cfg_0057,0.1,0.0,0.1,0.0001,logistic_ratio_proxy,none,8,True,200.0,120.0,0.8,0.25,-0.006569259341765454,0.005122377800915259,paired_t_test,15,0.1362922481989375,0.14286150754070298,1.0,True,False
cfg_0153,0.1,0.1,0.1,0.0001,logistic_ratio_proxy,none,8,True,200.0,120.0,0.8,0.25,-0.006569259341765454,0.005122377800915259,paired_t_test,15,0.1362922481989375,0.14286150754070298,1.0,True,False
cfg_0280,0.3,0.0,0.5,0.0001,logistic_ratio_proxy,none,8,False,200.0,120.0,0.8,0.25,-0.006569259341765454,0.005122377800915259,paired_t_test,15,0.1362922481989375,0.14286150754070298,1.0,True,False
cfg_0041,0.1,0.0,0.1,1e-05,logistic_ratio_proxy,none,8,True,200.0,120.0,0.8,0.25,-0.0065692569125870666,0.005122413748404854,paired_t_test,15,0.13629225105276715,0.1428615079653542,1.0,True,False
cfg_0137,0.1,0.1,0.1,1e-05,logistic_ratio_proxy,none,8,True,200.0,120.0,0.8,0.25,-0.0065692569125870666,0.005122413748404854,paired_t_test,15,0.13629225105276715,0.1428615079653542,1.0,True,False
cfg_0264,0.3,0.0,0.5,1e-05,logistic_ratio_proxy,none,8,False,200.0,120.0,0.8,0.25,-0.0065692569125870666,0.005122413748404854,paired_t_test,15,0.13629225105276715,0.1428615079653542,1.0,True,False
cfg_0056,0.1,0.0,0.1,0.0001,logistic_ratio_proxy,none,8,False,200.0,120.0,0.8,0.25,-0.0065157678559994445,0.003684678763375056,paired_t_test,15,0.1363457396847035,0.14286150754070298,1.0,True,False
cfg_0040,0.1,0.0,0.1,1e-05,logistic_ratio_proxy,none,8,False,200.0,120.0,0.8,0.25,-0.006515761379537758,0.003684712176667053,paired_t_test,15,0.13634574658581647,0.1428615079653542,1.0,True,False
cfg_0316,0.3,0.1,0.0,0.0001,logistic_ratio_proxy,p99,8,False,200.0,120.0,0.8,0.25,-0.0063985478669806705,0.003182183852944538,paired_t_test,15,0.1367172160820765,0.14311576394905715,1.0,True,False
cfg_0317,0.3,0.1,0.0,0.0001,logistic_ratio_proxy,p99,8,True,200.0,120.0,0.8,0.25,-0.0063985478669806705,0.003182183852944538,paired_t_test,15,0.1367172160820765,0.14311576394905715,1.0,True,False
cfg_0300,0.3,0.1,0.0,1e-05,logistic_ratio_proxy,p99,8,False,200.0,120.0,0.8,0.25,-0.006398531959060808,0.0031822390724824913,paired_t_test,15,0.13671723240527894,0.1431157643643397,1.0,True,False
cfg_0301,0.3,0.1,0.0,1e-05,logistic_ratio_proxy,p99,8,True,200.0,120.0,0.8,0.25,-0.006398531959060808,0.0031822390724824913,paired_t_test,15,0.13671723240527894,0.1431157643643397,1.0,True,False
cfg_0265,0.3,0.0,0.5,1e-05,logistic_ratio_proxy,none,8,True,200.0,120.0,0.8,0.25,-0.006295407453469979,0.0072307991262249875,paired_t_test,15,0.13656610051188425,0.1428615079653542,1.0,True,False
cfg_0361,0.3,0.1,0.5,1e-05,logistic_ratio_proxy,none,8,True,200.0,120.0,0.8,0.25,-0.006295407453469979,0.0072307991262249875,paired_t_test,15,0.13656610051188425,0.1428615079653542,1.0,True,False
cfg_0281,0.3,0.0,0.5,0.0001,logistic_ratio_proxy,none,8,True,200.0,120.0,0.8,0.25,-0.0062954063209082044,0.0072307879804801994,paired_t_test,15,0.13656610121979476,0.14286150754070298,1.0,True,False
cfg_0377,0.3,0.1,0.5,0.0001,logistic_ratio_proxy,none,8,True,200.0,120.0,0.8,0.25,-0.0062954063209082044,0.0072307879804801994,paired_t_test,15,0.13656610121979476,0.14286150754070298,1.0,True,False
cfg_0268,0.3,0.0,0.5,1e-05,logistic_ratio_proxy,p99,8,False,200.0,120.0,0.8,0.25,-0.006241628719402494,0.004616961274916412,paired_t_test,15,0.13687413564493725,0.1431157643643397,1.0,True,False
cfg_0364,0.3,0.1,0.5,1e-05,logistic_ratio_proxy,p99,8,False,200.0,120.0,0.8,0.25,-0.006241628719402494,0.004616961274916412,paired_t_test,15,0.13687413564493725,0.1431157643643397,1.0,True,False
cfg_0365,0.3,0.1,0.5,1e-05,logistic_ratio_proxy,p99,8,True,200.0,120.0,0.8,0.25,-0.006241628719402494,0.004616961274916412,paired_t_test,15,0.13687413564493725,0.1431157643643397,1.0,True,False
cfg_0284,0.3,0.0,0.5,0.0001,logistic_ratio_proxy,p99,8,False,200.0,120.0,0.8,0.25,-0.006241625901283003,0.004617016707318658,paired_t_test,15,0.13687413804777415,0.14311576394905715,1.0,True,False
cfg_0380,0.3,0.1,0.5,0.0001,logistic_ratio_proxy,p99,8,False,200.0,120.0,0.8,0.25,-0.006241625901283003,0.004617016707318658,paired_t_test,15,0.13687413804777415,0.14311576394905715,1.0,True,False
cfg_0381,0.3,0.1,0.5,0.0001,logistic_ratio_proxy,p99,8,True,200.0,120.0,0.8,0.25,-0.006241625901283003,0.004617016707318658,paired_t_test,15,0.13687413804777415,0.14311576394905715,1.0,True,False
cfg_0312,0.3,0.1,0.0,0.0001,logistic_ratio_proxy,none,8,False,200.0,120.0,0.8,0.25,-0.006158725743732585,0.005003740110589769,paired_t_test,15,0.13670278179697037,0.14286150754070298,1.0,True,False
cfg_0313,0.3,0.1,0.0,0.0001,logistic_ratio_proxy,none,8,True,200.0,120.0,0.8,0.25,-0.006158725743732585,0.005003740110589769,paired_t_test,15,0.13670278179697037,0.14286150754070298,1.0,True,False
cfg_0296,0.3,0.1,0.0,1e-05,logistic_ratio_proxy,none,8,False,200.0,120.0,0.8,0.25,-0.006158713473556144,0.005003803628938582,paired_t_test,15,0.1367027944917981,0.1428615079653542,1.0,True,False
cfg_0297,0.3,0.1,0.0,1e-05,logistic_ratio_proxy,none,8,True,200.0,120.0,0.8,0.25,-0.006158713473556144,0.005003803628938582,paired_t_test,15,0.1367027944917981,0.1428615079653542,1.0,True,False
cfg_0220,0.3,0.0,0.0,0.0001,logistic_ratio_proxy,p99,8,False,200.0,120.0,0.8,0.25,-0.006136083739276967,0.004593198060284159,paired_t_test,15,0.13697968020978019,0.14311576394905715,1.0,True,False
cfg_0221,0.3,0.0,0.0,0.0001,logistic_ratio_proxy,p99,8,True,200.0,120.0,0.8,0.25,-0.006136083739276967,0.004593198060284159,paired_t_test,15,0.13697968020978019,0.14311576394905715,1.0,True,False
cfg_0204,0.3,0.0,0.0,1e-05,logistic_ratio_proxy,p99,8,False,200.0,120.0,0.8,0.25,-0.006136067273227685,0.004593278961362954,paired_t_test,15,0.13697969709111207,0.1431157643643397,1.0,True,False
cfg_0205,0.3,0.0,0.0,1e-05,logistic_ratio_proxy,p99,8,True,200.0,120.0,0.8,0.25,-0.006136067273227685,0.004593278961362954,paired_t_test,15,0.13697969709111207,0.1431157643643397,1.0,True,False
cfg_0212,0.3,0.0,0.0,0.0001,gaussian_diag_proxy,p99,8,False,200.0,120.0,0.8,0.25,-0.006073067699034597,0.08441564266393099,paired_t_test,15,0.15176344250105006,0.15783651020008466,1.0,True,False
cfg_0213,0.3,0.0,0.0,0.0001,gaussian_diag_proxy,p99,8,True,200.0,120.0,0.8,0.25,-0.006073067699034597,0.08441564266393099,paired_t_test,15,0.15176344250105006,0.15783651020008466,1.0,True,False
cfg_0196,0.3,0.0,0.0,1e-05,gaussian_diag_proxy,p99,8,False,200.0,120.0,0.8,0.25,-0.006073062448545617,0.08441583763307967,paired_t_test,15,0.1517634484909518,0.15783651093949744,1.0,True,False
cfg_0197,0.3,0.0,0.0,1e-05,gaussian_diag_proxy,p99,8,True,200.0,120.0,0.8,0.25,-0.006073062448545617,0.08441583763307967,paired_t_test,15,0.1517634484909518,0.15783651093949744,1.0,True,False
cfg_0172,0.1,0.1,0.5,1e-05,logistic_ratio_proxy,p99,8,False,200.0,120.0,0.8,0.25,-0.0060122691135052935,0.014266905543632415,paired_t_test,15,0.13710349525083446,0.1431157643643397,1.0,True,False
cfg_0188,0.1,0.1,0.5,0.0001,logistic_ratio_proxy,p99,8,False,200.0,120.0,0.8,0.25,-0.00601225431616476,0.014267175835341568,paired_t_test,15,0.1371035096328924,0.14311576394905715,1.0,True,False
cfg_0073,0.1,0.0,0.5,1e-05,logistic_ratio_proxy,none,8,True,200.0,120.0,0.8,0.25,-0.00600617895281709,0.00948904018785488,paired_t_test,15,0.13685532901253714,0.1428615079653542,1.0,True,False
cfg_0089,0.1,0.0,0.5,0.0001,logistic_ratio_proxy,none,8,True,200.0,120.0,0.8,0.25,-0.0060061765344728785,0.009489044184052107,paired_t_test,15,0.1368553310062301,0.14286150754070298,1.0,True,False
cfg_0248,0.3,0.0,0.1,0.0001,logistic_ratio_proxy,none,8,False,200.0,120.0,0.8,0.25,-0.005881447977210828,0.007107059424880166,paired_t_test,15,0.13698005956349216,0.14286150754070298,1.0,True,False
cfg_0249,0.3,0.0,0.1,0.0001,logistic_ratio_proxy,none,8,True,200.0,120.0,0.8,0.25,-0.005881447977210828,0.007107059424880166,paired_t_test,15,0.13698005956349216,0.14286150754070298,1.0,True,False
cfg_0232,0.3,0.0,0.1,1e-05,logistic_ratio_proxy,none,8,False,200.0,120.0,0.8,0.25,-0.005881434575784345,0.0071071604745692974,paired_t_test,15,0.13698007338956988,0.1428615079653542,1.0,True,False
cfg_0233,0.3,0.0,0.1,1e-05,logistic_ratio_proxy,none,8,True,200.0,120.0,0.8,0.25,-0.005881434575784345,0.0071071604745692974,paired_t_test,15,0.13698007338956988,0.1428615079653542,1.0,True,False
cfg_0360,0.3,0.1,0.5,1e-05,logistic_ratio_proxy,none,8,False,200.0,120.0,0.8,0.25,-0.005777327674155469,0.019608352127753817,paired_t_test,15,0.13708418029119876,0.1428615079653542,1.0,True,False
cfg_0376,0.3,0.1,0.5,0.0001,logistic_ratio_proxy,none,8,False,200.0,120.0,0.8,0.25,-0.00577732234754003,0.01960848974101966,paired_t_test,15,0.13708418519316293,0.14286150754070298,1.0,True,False
cfg_0348,0.3,0.1,0.1,0.0001,logistic_ratio_proxy,p99,8,False,200.0,120.0,0.8,0.25,-0.00563302805976605,0.010458105722575833,paired_t_test,15,0.1374827358892911,0.14311576394905715,1.0,True,False
cfg_0349,0.3,0.1,0.1,0.0001,logistic_ratio_proxy,p99,8,True,200.0,120.0,0.8,0.25,-0.00563302805976605,0.010458105722575833,paired_t_test,15,0.1374827358892911,0.14311576394905715,1.0,True,False
cfg_0332,0.3,0.1,0.1,1e-05,logistic_ratio_proxy,p99,8,False,200.0,120.0,0.8,0.25,-0.005633017318823834,0.010458172691809745,paired_t_test,15,0.1374827470455159,0.1431157643643397,1.0,True,False
cfg_0333,0.3,0.1,0.1,1e-05,logistic_ratio_proxy,p99,8,True,200.0,120.0,0.8,0.25,-0.005633017318823834,0.010458172691809745,paired_t_test,15,0.1374827470455159,0.1431157643643397,1.0,True,False
cfg_0216,0.3,0.0,0.0,0.0001,logistic_ratio_proxy,none,8,False,200.0,120.0,0.8,0.25,-0.005349373435396167,0.015817091869853077,paired_t_test,15,0.1375121341053068,0.14286150754070298,1.0,True,False
cfg_0217,0.3,0.0,0.0,0.0001,logistic_ratio_proxy,none,8,True,200.0,120.0,0.8,0.25,-0.005349373435396167,0.015817091869853077,paired_t_test,15,0.1375121341053068,0.14286150754070298,1.0,True,False
cfg_0344,0.3,0.1,0.1,0.0001,logistic_ratio_proxy,none,8,False,200.0,120.0,0.8,0.25,-0.005349373435396167,0.015817091869853077,paired_t_test,15,0.1375121341053068,0.14286150754070298,1.0,True,False
cfg_0345,0.3,0.1,0.1,0.0001,logistic_ratio_proxy,none,8,True,200.0,120.0,0.8,0.25,-0.005349373435396167,0.015817091869853077,paired_t_test,15,0.1375121341053068,0.14286150754070298,1.0,True,False
cfg_0200,0.3,0.0,0.0,1e-05,logistic_ratio_proxy,none,8,False,200.0,120.0,0.8,0.25,-0.005349357773949649,0.015817340078291955,paired_t_test,15,0.1375121501914046,0.1428615079653542,1.0,True,False
cfg_0201,0.3,0.0,0.0,1e-05,logistic_ratio_proxy,none,8,True,200.0,120.0,0.8,0.25,-0.005349357773949649,0.015817340078291955,paired_t_test,15,0.1375121501914046,0.1428615079653542,1.0,True,False
cfg_0328,0.3,0.1,0.1,1e-05,logistic_ratio_proxy,none,8,False,200.0,120.0,0.8,0.25,-0.005349357773949649,0.015817340078291955,paired_t_test,15,0.1375121501914046,0.1428615079653542,1.0,True,False
cfg_0329,0.3,0.1,0.1,1e-05,logistic_ratio_proxy,none,8,True,200.0,120.0,0.8,0.25,-0.005349357773949649,0.015817340078291955,paired_t_test,15,0.1375121501914046,0.1428615079653542,1.0,True,False
cfg_0192,0.3,0.0,0.0,1e-05,gaussian_diag_proxy,none,8,False,200.0,120.0,0.8,0.25,-0.00017885882046975166,0.5548095703125,paired_wilcoxon,15,0.18369352859615257,0.18387238741662232,1.0,True,False
cfg_0193,0.3,0.0,0.0,1e-05,gaussian_diag_proxy,none,8,True,200.0,120.0,0.8,0.25,-0.00017885882046975166,0.5548095703125,paired_wilcoxon,15,0.18369352859615257,0.18387238741662232,1.0,True,False
cfg_0208,0.3,0.0,0.0,0.0001,gaussian_diag_proxy,none,8,False,200.0,120.0,0.8,0.25,-0.00017883248781862536,0.5548095703125,paired_wilcoxon,15,0.18369355258394648,0.18387238507176515,1.0,True,False
cfg_0209,0.3,0.0,0.0,0.0001,gaussian_diag_proxy,none,8,True,200.0,120.0,0.8,0.25,-0.00017883248781862536,0.5548095703125,paired_wilcoxon,15,0.18369355258394648,0.18387238507176515,1.0,True,False
cfg_0288,0.3,0.1,0.0,1e-05,gaussian_diag_proxy,none,8,False,200.0,120.0,0.8,0.25,0.0005997787480804669,0.5119473165143307,paired_t_test,15,0.1844721661647028,0.18387238741662232,1.0,False,False
cfg_0289,0.3,0.1,0.0,1e-05,gaussian_diag_proxy,none,8,True,200.0,120.0,0.8,0.25,0.0005997787480804669,0.5119473165143307,paired_t_test,15,0.1844721661647028,0.18387238741662232,1.0,False,False
cfg_0304,0.3,0.1,0.0,0.0001,gaussian_diag_proxy,none,8,False,200.0,120.0,0.8,0.25,0.0005998077357543355,0.5119478936277614,paired_t_test,15,0.18447219280751945,0.18387238507176515,1.0,False,False
cfg_0305,0.3,0.1,0.0,0.0001,gaussian_diag_proxy,none,8,True,200.0,120.0,0.8,0.25,0.0005998077357543355,0.5119478936277614,paired_t_test,15,0.18447219280751945,0.18387238507176515,1.0,False,False
cfg_0138,0.1,0.1,0.1,1e-05,logistic_ratio_proxy,none,16,False,200.0,120.0,0.8,0.25,0.0009250414856690305,0.834869384765625,paired_wilcoxon,15,0.13562500539147374,0.13469996390580474,1.0,False,False
cfg_0154,0.1,0.1,0.1,0.0001,logistic_ratio_proxy,none,16,False,200.0,120.0,0.8,0.25,0.0009250423639360614,0.834869384765625,paired_wilcoxon,15,0.13562500609285658,0.13469996372892054,1.0,False,False
cfg_0155,0.1,0.1,0.1,0.0001,logistic_ratio_proxy,none,16,True,200.0,120.0,0.8,0.25,0.0009742323396048862,0.834869384765625,paired_wilcoxon,15,0.1356741960685254,0.13469996372892054,1.0,False,False
cfg_0139,0.1,0.1,0.1,1e-05,logistic_ratio_proxy,none,16,True,200.0,120.0,0.8,0.25,0.0009742325132567481,0.834869384765625,paired_wilcoxon,15,0.13567419641906145,0.13469996390580474,1.0,False,False
cfg_0058,0.1,0.0,0.1,0.0001,logistic_ratio_proxy,none,16,False,200.0,120.0,0.8,0.25,0.0015296197998616418,0.670857919683933,paired_t_test,15,0.1362295835287822,0.13469996372892054,1.0,False,False
cfg_0059,0.1,0.0,0.1,0.0001,logistic_ratio_proxy,none,16,True,200.0,120.0,0.8,0.25,0.0015296197998616418,0.670857919683933,paired_t_test,15,0.1362295835287822,0.13469996372892054,1.0,False,False
cfg_0042,0.1,0.0,0.1,1e-05,logistic_ratio_proxy,none,16,False,200.0,120.0,0.8,0.25,0.0015296302256427982,0.6708587540130648,paired_t_test,15,0.1362295941314475,0.13469996390580474,1.0,False,False
cfg_0043,0.1,0.0,0.1,1e-05,logistic_ratio_proxy,none,16,True,200.0,120.0,0.8,0.25,0.0015296302256427982,0.6708587540130648,paired_t_test,15,0.1362295941314475,0.13469996390580474,1.0,False,False
cfg_0158,0.1,0.1,0.1,0.0001,logistic_ratio_proxy,p99,16,False,200.0,120.0,0.8,0.25,0.001716519559142697,0.6983456914491837,paired_t_test,15,0.13640737124550692,0.13469085168636424,1.0,False,False
cfg_0159,0.1,0.1,0.1,0.0001,logistic_ratio_proxy,p99,16,True,200.0,120.0,0.8,0.25,0.001716519559142697,0.6983456914491837,paired_t_test,15,0.13640737124550692,0.13469085168636424,1.0,False,False
cfg_0142,0.1,0.1,0.1,1e-05,logistic_ratio_proxy,p99,16,False,200.0,120.0,0.8,0.25,0.0017165324752308594,0.6983466683646811,paired_t_test,15,0.13640738434160787,0.134690851866377,1.0,False,False
cfg_0143,0.1,0.1,0.1,1e-05,logistic_ratio_proxy,p99,16,True,200.0,120.0,0.8,0.25,0.0017165324752308594,0.6983466683646811,paired_t_test,15,0.13640738434160787,0.134690851866377,1.0,False,False
cfg_0225,0.3,0.0,0.1,1e-05,gaussian_diag_proxy,none,8,True,200.0,120.0,0.8,0.25,0.0020248798152756003,0.09381103515625,paired_wilcoxon,15,0.18589726723189795,0.18387238741662232,1.0,False,False
cfg_0321,0.3,0.1,0.1,1e-05,gaussian_diag_proxy,none,8,True,200.0,120.0,0.8,0.25,0.0020248798152756003,0.09381103515625,paired_wilcoxon,15,0.18589726723189795,0.18387238741662232,1.0,False,False
cfg_0241,0.3,0.0,0.1,0.0001,gaussian_diag_proxy,none,8,True,200.0,120.0,0.8,0.25,0.002024915385346071,0.09381103515625,paired_wilcoxon,15,0.1858973004571112,0.18387238507176515,1.0,False,False
cfg_0337,0.3,0.1,0.1,0.0001,gaussian_diag_proxy,none,8,True,200.0,120.0,0.8,0.25,0.002024915385346071,0.09381103515625,paired_wilcoxon,15,0.1858973004571112,0.18387238507176515,1.0,False,False
cfg_0122,0.1,0.1,0.0,0.0001,logistic_ratio_proxy,none,16,False,200.0,120.0,0.8,0.25,0.002189709349490263,0.729852668186447,paired_t_test,15,0.1368896730784108,0.13469996372892054,1.0,False,False
cfg_0123,0.1,0.1,0.0,0.0001,logistic_ratio_proxy,none,16,True,200.0,120.0,0.8,0.25,0.002189709349490263,0.729852668186447,paired_t_test,15,0.1368896730784108,0.13469996372892054,1.0,False,False
cfg_0106,0.1,0.1,0.0,1e-05,logistic_ratio_proxy,none,16,False,200.0,120.0,0.8,0.25,0.0021897249669622604,0.7298537763695959,paired_t_test,15,0.13688968887276695,0.13469996390580474,1.0,False,False
cfg_0107,0.1,0.1,0.0,1e-05,logistic_ratio_proxy,none,16,True,200.0,120.0,0.8,0.25,0.0021897249669622604,0.7298537763695959,paired_t_test,15,0.13688968887276695,0.13469996390580474,1.0,False,False
cfg_0022,0.1,0.0,0.0,0.0001,gaussian_diag_proxy,p99,16,False,200.0,120.0,0.8,0.25,0.002222811526651334,0.861572265625,paired_wilcoxon,15,0.15433204503856357,0.15210923351191227,1.0,False,False
cfg_0023,0.1,0.0,0.0,0.0001,gaussian_diag_proxy,p99,16,True,200.0,120.0,0.8,0.25,0.002222811526651334,0.861572265625,paired_wilcoxon,15,0.15433204503856357,0.15210923351191227,1.0,False,False
cfg_0006,0.1,0.0,0.0,1e-05,gaussian_diag_proxy,p99,16,False,200.0,120.0,0.8,0.25,0.0022228227701860726,0.861572265625,paired_wilcoxon,15,0.15433205677531672,0.15210923400513063,1.0,False,False
cfg_0007,0.1,0.0,0.0,1e-05,gaussian_diag_proxy,p99,16,True,200.0,120.0,0.8,0.25,0.0022228227701860726,0.861572265625,paired_wilcoxon,15,0.15433205677531672,0.15210923400513063,1.0,False,False
cfg_0126,0.1,0.1,0.0,0.0001,logistic_ratio_proxy,p99,16,False,200.0,120.0,0.8,0.25,0.0023001432821458485,0.7486657200991143,paired_t_test,15,0.13699099496851008,0.13469085168636424,1.0,False,False
cfg_0127,0.1,0.1,0.0,0.0001,logistic_ratio_proxy,p99,16,True,200.0,120.0,0.8,0.25,0.0023001432821458485,0.7486657200991143,paired_t_test,15,0.13699099496851008,0.13469085168636424,1.0,False,False
cfg_0110,0.1,0.1,0.0,1e-05,logistic_ratio_proxy,p99,16,False,200.0,120.0,0.8,0.25,0.0023001630925381664,0.7486671283630663,paired_t_test,15,0.13699101495891516,0.134690851866377,1.0,False,False
cfg_0111,0.1,0.1,0.0,1e-05,logistic_ratio_proxy,p99,16,True,200.0,120.0,0.8,0.25,0.0023001630925381664,0.7486671283630663,paired_t_test,15,0.13699101495891516,0.134690851866377,1.0,False,False
cfg_0033,0.1,0.0,0.1,1e-05,gaussian_diag_proxy,none,8,True,200.0,120.0,0.8,0.25,0.0025430940063428885,0.09381103515625,paired_wilcoxon,15,0.18641548142296524,0.18387238741662232,1.0,False,False
cfg_0129,0.1,0.1,0.1,1e-05,gaussian_diag_proxy,none,8,True,200.0,120.0,0.8,0.25,0.0025430940063428885,0.09381103515625,paired_wilcoxon,15,0.18641548142296524,0.18387238741662232,1.0,False,False
cfg_0049,0.1,0.0,0.1,0.0001,gaussian_diag_proxy,none,8,True,200.0,120.0,0.8,0.25,0.002543129690806097,0.09381103515625,paired_wilcoxon,15,0.18641551476257118,0.18387238507176515,1.0,False,False
cfg_0145,0.1,0.1,0.1,0.0001,gaussian_diag_proxy,none,8,True,200.0,120.0,0.8,0.25,0.002543129690806097,0.09381103515625,paired_wilcoxon,15,0.18641551476257118,0.18387238507176515,1.0,False,False
cfg_0064,0.1,0.0,0.5,1e-05,gaussian_diag_proxy,none,8,False,200.0,120.0,0.8,0.25,0.0026473986874305335,0.09381103515625,paired_wilcoxon,15,0.18651978610405287,0.18387238741662232,1.0,False,False
cfg_0065,0.1,0.0,0.5,1e-05,gaussian_diag_proxy,none,8,True,200.0,120.0,0.8,0.25,0.0026473986874305335,0.09381103515625,paired_wilcoxon,15,0.18651978610405287,0.18387238741662232,1.0,False,False
cfg_0160,0.1,0.1,0.5,1e-05,gaussian_diag_proxy,none,8,False,200.0,120.0,0.8,0.25,0.0026473986874305335,0.09381103515625,paired_wilcoxon,15,0.18651978610405287,0.18387238741662232,1.0,False,False
cfg_0161,0.1,0.1,0.5,1e-05,gaussian_diag_proxy,none,8,True,200.0,120.0,0.8,0.25,0.0026473986874305335,0.09381103515625,paired_wilcoxon,15,0.18651978610405287,0.18387238741662232,1.0,False,False
cfg_0256,0.3,0.0,0.5,1e-05,gaussian_diag_proxy,none,8,False,200.0,120.0,0.8,0.25,0.0026473986874305335,0.09381103515625,paired_wilcoxon,15,0.18651978610405287,0.18387238741662232,1.0,False,False
cfg_0257,0.3,0.0,0.5,1e-05,gaussian_diag_proxy,none,8,True,200.0,120.0,0.8,0.25,0.0026473986874305335,0.09381103515625,paired_wilcoxon,15,0.18651978610405287,0.18387238741662232,1.0,False,False
cfg_0352,0.3,0.1,0.5,1e-05,gaussian_diag_proxy,none,8,False,200.0,120.0,0.8,0.25,0.0026473986874305335,0.09381103515625,paired_wilcoxon,15,0.18651978610405287,0.18387238741662232,1.0,False,False
cfg_0353,0.3,0.1,0.5,1e-05,gaussian_diag_proxy,none,8,True,200.0,120.0,0.8,0.25,0.0026473986874305335,0.09381103515625,paired_wilcoxon,15,0.18651978610405287,0.18387238741662232,1.0,False,False
cfg_0080,0.1,0.0,0.5,0.0001,gaussian_diag_proxy,none,8,False,200.0,120.0,0.8,0.25,0.0026474379181229543,0.09381103515625,paired_wilcoxon,15,0.18651982298988803,0.18387238507176515,1.0,False,False
cfg_0081,0.1,0.0,0.5,0.0001,gaussian_diag_proxy,none,8,True,200.0,120.0,0.8,0.25,0.0026474379181229543,0.09381103515625,paired_wilcoxon,15,0.18651982298988803,0.18387238507176515,1.0,False,False
cfg_0176,0.1,0.1,0.5,0.0001,gaussian_diag_proxy,none,8,False,200.0,120.0,0.8,0.25,0.0026474379181229543,0.09381103515625,paired_wilcoxon,15,0.18651982298988803,0.18387238507176515,1.0,False,False
cfg_0177,0.1,0.1,0.5,0.0001,gaussian_diag_proxy,none,8,True,200.0,120.0,0.8,0.25,0.0026474379181229543,0.09381103515625,paired_wilcoxon,15,0.18651982298988803,0.18387238507176515,1.0,False,False
cfg_0272,0.3,0.0,0.5,0.0001,gaussian_diag_proxy,none,8,False,200.0,120.0,0.8,0.25,0.0026474379181229543,0.09381103515625,paired_wilcoxon,15,0.18651982298988803,0.18387238507176515,1.0,False,False
cfg_0273,0.3,0.0,0.5,0.0001,gaussian_diag_proxy,none,8,True,200.0,120.0,0.8,0.25,0.0026474379181229543,0.09381103515625,paired_wilcoxon,15,0.18651982298988803,0.18387238507176515,1.0,False,False
cfg_0368,0.3,0.1,0.5,0.0001,gaussian_diag_proxy,none,8,False,200.0,120.0,0.8,0.25,0.0026474379181229543,0.09381103515625,paired_wilcoxon,15,0.18651982298988803,0.18387238507176515,1.0,False,False
cfg_0369,0.3,0.1,0.5,0.0001,gaussian_diag_proxy,none,8,True,200.0,120.0,0.8,0.25,0.0026474379181229543,0.09381103515625,paired_wilcoxon,15,0.18651982298988803,0.18387238507176515,1.0,False,False
cfg_0063,0.1,0.0,0.1,0.0001,logistic_ratio_proxy,p99,16,True,200.0,120.0,0.8,0.25,0.0031318606419024437,0.7892940587465488,paired_t_test,15,0.13782271232826668,0.13469085168636424,1.0,False,False
cfg_0047,0.1,0.0,0.1,1e-05,logistic_ratio_proxy,p99,16,True,200.0,120.0,0.8,0.25,0.003131873781072669,0.7892946584264192,paired_t_test,15,0.13782272564744968,0.134690851866377,1.0,False,False
cfg_0026,0.1,0.0,0.0,0.0001,logistic_ratio_proxy,none,16,False,200.0,120.0,0.8,0.25,0.0032004023542248437,0.7898912997060438,paired_t_test,15,0.13790036608314538,0.13469996372892054,1.0,False,False
cfg_0027,0.1,0.0,0.0,0.0001,logistic_ratio_proxy,none,16,True,200.0,120.0,0.8,0.25,0.0032004023542248437,0.7898912997060438,paired_t_test,15,0.13790036608314538,0.13469996372892054,1.0,False,False
cfg_0010,0.1,0.0,0.0,1e-05,logistic_ratio_proxy,none,16,False,200.0,120.0,0.8,0.25,0.0032004196394425253,0.7898922064074494,paired_t_test,15,0.13790038354524722,0.13469996390580474,1.0,False,False
cfg_0011,0.1,0.0,0.0,1e-05,logistic_ratio_proxy,none,16,True,200.0,120.0,0.8,0.25,0.0032004196394425253,0.7898922064074494,paired_t_test,15,0.13790038354524722,0.13469996390580474,1.0,False,False
cfg_0030,0.1,0.0,0.0,0.0001,logistic_ratio_proxy,p99,16,False,200.0,120.0,0.8,0.25,0.0032105069180984975,0.803644447951139,paired_t_test,15,0.13790135860446273,0.13469085168636424,1.0,False,False
cfg_0031,0.1,0.0,0.0,0.0001,logistic_ratio_proxy,p99,16,True,200.0,120.0,0.8,0.25,0.0032105069180984975,0.803644447951139,paired_t_test,15,0.13790135860446273,0.13469085168636424,1.0,False,False
cfg_0014,0.1,0.0,0.0,1e-05,logistic_ratio_proxy,p99,16,False,200.0,120.0,0.8,0.25,0.003210528343464106,0.8036455970451982,paired_t_test,15,0.13790138020984113,0.134690851866377,1.0,False,False
cfg_0015,0.1,0.0,0.0,1e-05,logistic_ratio_proxy,p99,16,True,200.0,120.0,0.8,0.25,0.003210528343464106,0.8036455970451982,paired_t_test,15,0.13790138020984113,0.134690851866377,1.0,False,False
cfg_0074,0.1,0.0,0.5,1e-05,logistic_ratio_proxy,none,16,False,200.0,120.0,0.8,0.25,0.0034922236013363657,0.8381094743693218,paired_t_test,15,0.1381921875071411,0.13469996390580474,1.0,False,False
cfg_0170,0.1,0.1,0.5,1e-05,logistic_ratio_proxy,none,16,False,200.0,120.0,0.8,0.25,0.0034922236013363657,0.8381094743693218,paired_t_test,15,0.1381921875071411,0.13469996390580474,1.0,False,False
cfg_0090,0.1,0.0,0.5,0.0001,logistic_ratio_proxy,none,16,False,200.0,120.0,0.8,0.25,0.0034922261764945743,0.8381096611776258,paired_t_test,15,0.1381921899054151,0.13469996372892054,1.0,False,False
cfg_0186,0.1,0.1,0.5,0.0001,logistic_ratio_proxy,none,16,False,200.0,120.0,0.8,0.25,0.0034922261764945743,0.8381096611776258,paired_t_test,15,0.1381921899054151,0.13469996372892054,1.0,False,False
cfg_0062,0.1,0.0,0.1,0.0001,logistic_ratio_proxy,p99,16,False,200.0,120.0,0.8,0.25,0.003754744593872576,0.8449355637381624,paired_t_test,15,0.13844559628023678,0.13469085168636424,1.0,False,False
cfg_0046,0.1,0.0,0.1,1e-05,logistic_ratio_proxy,p99,16,False,200.0,120.0,0.8,0.25,0.003754759204267793,0.8449361062451662,paired_t_test,15,0.1384456110706448,0.134690851866377,1.0,False,False
cfg_0218,0.3,0.0,0.0,0.0001,logistic_ratio_proxy,none,16,False,200.0,120.0,0.8,0.25,0.004129548993442534,0.8640949094504823,paired_t_test,15,0.13882951272236307,0.13469996372892054,1.0,False,False
cfg_0219,0.3,0.0,0.0,0.0001,logistic_ratio_proxy,none,16,True,200.0,120.0,0.8,0.25,0.004129548993442534,0.8640949094504823,paired_t_test,15,0.13882951272236307,0.13469996372892054,1.0,False,False
cfg_0202,0.3,0.0,0.0,1e-05,logistic_ratio_proxy,none,16,False,200.0,120.0,0.8,0.25,0.004129560368133651,0.8640952596772206,paired_t_test,15,0.13882952427393835,0.13469996390580474,1.0,False,False
cfg_0203,0.3,0.0,0.0,1e-05,logistic_ratio_proxy,none,16,True,200.0,120.0,0.8,0.25,0.004129560368133651,0.8640952596772206,paired_t_test,15,0.13882952427393835,0.13469996390580474,1.0,False,False
cfg_0350,0.3,0.1,0.1,0.0001,logistic_ratio_proxy,p99,16,False,200.0,120.0,0.8,0.25,0.0044412860986469535,0.893389307030769,paired_t_test,15,0.13913213778501116,0.13469085168636424,1.0,False,False
cfg_0351,0.3,0.1,0.1,0.0001,logistic_ratio_proxy,p99,16,True,200.0,120.0,0.8,0.25,0.0044412860986469535,0.893389307030769,paired_t_test,15,0.13913213778501116,0.13469085168636424,1.0,False,False
cfg_0334,0.3,0.1,0.1,1e-05,logistic_ratio_proxy,p99,16,False,200.0,120.0,0.8,0.25,0.0044412978557553115,0.89338955202829,paired_t_test,15,0.13913214972213234,0.134690851866377,1.0,False,False
cfg_0335,0.3,0.1,0.1,1e-05,logistic_ratio_proxy,p99,16,True,200.0,120.0,0.8,0.25,0.0044412978557553115,0.89338955202829,paired_t_test,15,0.13913214972213234,0.134690851866377,1.0,False,False
cfg_0250,0.3,0.0,0.1,0.0001,logistic_ratio_proxy,none,16,False,200.0,120.0,0.8,0.25,0.004606869897217536,0.8866653973549501,paired_t_test,15,0.13930683362613808,0.13469996372892054,1.0,False,False
cfg_0251,0.3,0.0,0.1,0.0001,logistic_ratio_proxy,none,16,True,200.0,120.0,0.8,0.25,0.004606869897217536,0.8866653973549501,paired_t_test,15,0.13930683362613808,0.13469996372892054,1.0,False,False
cfg_0314,0.3,0.1,0.0,0.0001,logistic_ratio_proxy,none,16,False,200.0,120.0,0.8,0.25,0.004606869897217536,0.8866653973549501,paired_t_test,15,0.13930683362613808,0.13469996372892054,1.0,False,False
cfg_0315,0.3,0.1,0.0,0.0001,logistic_ratio_proxy,none,16,True,200.0,120.0,0.8,0.25,0.004606869897217536,0.8866653973549501,paired_t_test,15,0.13930683362613808,0.13469996372892054,1.0,False,False
cfg_0346,0.3,0.1,0.1,0.0001,logistic_ratio_proxy,none,16,False,200.0,120.0,0.8,0.25,0.004606869897217536,0.8866653973549501,paired_t_test,15,0.13930683362613808,0.13469996372892054,1.0,False,False
cfg_0347,0.3,0.1,0.1,0.0001,logistic_ratio_proxy,none,16,True,200.0,120.0,0.8,0.25,0.004606869897217536,0.8866653973549501,paired_t_test,15,0.13930683362613808,0.13469996372892054,1.0,False,False
cfg_0234,0.3,0.0,0.1,1e-05,logistic_ratio_proxy,none,16,False,200.0,120.0,0.8,0.25,0.004606882043165234,0.8866657197868315,paired_t_test,15,0.13930684594896994,0.13469996390580474,1.0,False,False
cfg_0235,0.3,0.0,0.1,1e-05,logistic_ratio_proxy,none,16,True,200.0,120.0,0.8,0.25,0.004606882043165234,0.8866657197868315,paired_t_test,15,0.13930684594896994,0.13469996390580474,1.0,False,False
cfg_0298,0.3,0.1,0.0,1e-05,logistic_ratio_proxy,none,16,False,200.0,120.0,0.8,0.25,0.004606882043165234,0.8866657197868315,paired_t_test,15,0.13930684594896994,0.13469996390580474,1.0,False,False
cfg_0299,0.3,0.1,0.0,1e-05,logistic_ratio_proxy,none,16,True,200.0,120.0,0.8,0.25,0.004606882043165234,0.8866657197868315,paired_t_test,15,0.13930684594896994,0.13469996390580474,1.0,False,False
cfg_0330,0.3,0.1,0.1,1e-05,logistic_ratio_proxy,none,16,False,200.0,120.0,0.8,0.25,0.004606882043165234,0.8866657197868315,paired_t_test,15,0.13930684594896994,0.13469996390580474,1.0,False,False
cfg_0331,0.3,0.1,0.1,1e-05,logistic_ratio_proxy,none,16,True,200.0,120.0,0.8,0.25,0.004606882043165234,0.8866657197868315,paired_t_test,15,0.13930684594896994,0.13469996390580474,1.0,False,False
cfg_0222,0.3,0.0,0.0,0.0001,logistic_ratio_proxy,p99,16,False,200.0,120.0,0.8,0.25,0.0046716729900050736,0.9028972047796766,paired_t_test,15,0.13936252467636928,0.13469085168636424,1.0,False,False
cfg_0223,0.3,0.0,0.0,0.0001,logistic_ratio_proxy,p99,16,True,200.0,120.0,0.8,0.25,0.0046716729900050736,0.9028972047796766,paired_t_test,15,0.13936252467636928,0.13469085168636424,1.0,False,False
cfg_0206,0.3,0.0,0.0,1e-05,logistic_ratio_proxy,p99,16,False,200.0,120.0,0.8,0.25,0.004671685799848837,0.9028974855695212,paired_t_test,15,0.13936253766622586,0.134690851866377,1.0,False,False
cfg_0207,0.3,0.0,0.0,1e-05,logistic_ratio_proxy,p99,16,True,200.0,120.0,0.8,0.25,0.004671685799848837,0.9028974855695212,paired_t_test,15,0.13936253766622586,0.134690851866377,1.0,False,False
cfg_0254,0.3,0.0,0.1,0.0001,logistic_ratio_proxy,p99,16,False,200.0,120.0,0.8,0.25,0.00493491532524671,0.9130762374825896,paired_t_test,15,0.13962576701161092,0.13469085168636424,1.0,False,False
cfg_0255,0.3,0.0,0.1,0.0001,logistic_ratio_proxy,p99,16,True,200.0,120.0,0.8,0.25,0.00493491532524671,0.9130762374825896,paired_t_test,15,0.13962576701161092,0.13469085168636424,1.0,False,False
cfg_0318,0.3,0.1,0.0,0.0001,logistic_ratio_proxy,p99,16,False,200.0,120.0,0.8,0.25,0.00493491532524671,0.9130762374825896,paired_t_test,15,0.13962576701161092,0.13469085168636424,1.0,False,False
cfg_0319,0.3,0.1,0.0,0.0001,logistic_ratio_proxy,p99,16,True,200.0,120.0,0.8,0.25,0.00493491532524671,0.9130762374825896,paired_t_test,15,0.13962576701161092,0.13469085168636424,1.0,False,False
cfg_0238,0.3,0.0,0.1,1e-05,logistic_ratio_proxy,p99,16,False,200.0,120.0,0.8,0.25,0.004934929064057733,0.9130765211031568,paired_t_test,15,0.13962578093043476,0.134690851866377,1.0,False,False
cfg_0239,0.3,0.0,0.1,1e-05,logistic_ratio_proxy,p99,16,True,200.0,120.0,0.8,0.25,0.004934929064057733,0.9130765211031568,paired_t_test,15,0.13962578093043476,0.134690851866377,1.0,False,False
cfg_0302,0.3,0.1,0.0,1e-05,logistic_ratio_proxy,p99,16,False,200.0,120.0,0.8,0.25,0.004934929064057733,0.9130765211031568,paired_t_test,15,0.13962578093043476,0.134690851866377,1.0,False,False
cfg_0303,0.3,0.1,0.0,1e-05,logistic_ratio_proxy,p99,16,True,200.0,120.0,0.8,0.25,0.004934929064057733,0.9130765211031568,paired_t_test,15,0.13962578093043476,0.134690851866377,1.0,False,False
cfg_0244,0.3,0.0,0.1,0.0001,gaussian_diag_proxy,p99,8,False,200.0,120.0,0.8,0.25,0.006419193117984967,0.017669677734375,paired_wilcoxon,15,0.16425570331806963,0.15783651020008466,1.0,False,False
cfg_0228,0.3,0.0,0.1,1e-05,gaussian_diag_proxy,p99,8,False,200.0,120.0,0.8,0.25,0.006419202993396698,0.017669677734375,paired_wilcoxon,15,0.16425571393289412,0.15783651093949744,1.0,False,False
cfg_0002,0.1,0.0,0.0,1e-05,gaussian_diag_proxy,none,16,False,200.0,120.0,0.8,0.25,0.006920548909072033,0.8961181640625,paired_wilcoxon,15,0.16902315674506946,0.16210260783599742,1.0,False,False
cfg_0003,0.1,0.0,0.0,1e-05,gaussian_diag_proxy,none,16,True,200.0,120.0,0.8,0.25,0.006920548909072033,0.8961181640625,paired_wilcoxon,15,0.16902315674506946,0.16210260783599742,1.0,False,False
cfg_0018,0.1,0.0,0.0,0.0001,gaussian_diag_proxy,none,16,False,200.0,120.0,0.8,0.25,0.00692055581021249,0.8961181640625,paired_wilcoxon,15,0.16902316296465714,0.1621026071544446,1.0,False,False
cfg_0019,0.1,0.0,0.0,0.0001,gaussian_diag_proxy,none,16,True,200.0,120.0,0.8,0.25,0.00692055581021249,0.8961181640625,paired_wilcoxon,15,0.16902316296465714,0.1621026071544446,1.0,False,False
cfg_0214,0.3,0.0,0.0,0.0001,gaussian_diag_proxy,p99,16,False,200.0,120.0,0.8,0.25,0.011558906960090728,0.7563888063231462,paired_t_test,15,0.16366814047200295,0.15210923351191227,1.0,False,False
cfg_0215,0.3,0.0,0.0,0.0001,gaussian_diag_proxy,p99,16,True,200.0,120.0,0.8,0.25,0.011558906960090728,0.7563888063231462,paired_t_test,15,0.16366814047200295,0.15210923351191227,1.0,False,False
cfg_0198,0.3,0.0,0.0,1e-05,gaussian_diag_proxy,p99,16,False,200.0,120.0,0.8,0.25,0.01155891348408622,0.7563888555890987,paired_t_test,15,0.16366814748921682,0.15210923400513063,1.0,False,False
cfg_0199,0.3,0.0,0.0,1e-05,gaussian_diag_proxy,p99,16,True,200.0,120.0,0.8,0.25,0.01155891348408622,0.7563888555890987,paired_t_test,15,0.16366814748921682,0.15210923400513063,1.0,False,False
cfg_0310,0.3,0.1,0.0,0.0001,gaussian_diag_proxy,p99,16,False,200.0,120.0,0.8,0.25,0.012692375447799215,0.7769326722541663,paired_t_test,15,0.16480160895971144,0.15210923351191227,1.0,False,False
cfg_0311,0.3,0.1,0.0,0.0001,gaussian_diag_proxy,p99,16,True,200.0,120.0,0.8,0.25,0.012692375447799215,0.7769326722541663,paired_t_test,15,0.16480160895971144,0.15210923351191227,1.0,False,False
cfg_0294,0.3,0.1,0.0,1e-05,gaussian_diag_proxy,p99,16,False,200.0,120.0,0.8,0.25,0.012692388577310044,0.7769328241362778,paired_t_test,15,0.16480162258244063,0.15210923400513063,1.0,False,False
cfg_0295,0.3,0.1,0.0,1e-05,gaussian_diag_proxy,p99,16,True,200.0,120.0,0.8,0.25,0.012692388577310044,0.7769328241362778,paired_t_test,15,0.16480162258244063,0.15210923400513063,1.0,False,False
cfg_0052,0.1,0.0,0.1,0.0001,gaussian_diag_proxy,p99,8,False,200.0,120.0,0.8,0.25,0.017180752915950063,0.09381103515625,paired_wilcoxon,15,0.17501726311603472,0.15783651020008466,1.0,False,False
cfg_0053,0.1,0.0,0.1,0.0001,gaussian_diag_proxy,p99,8,True,200.0,120.0,0.8,0.25,0.017180752915950063,0.09381103515625,paired_wilcoxon,15,0.17501726311603472,0.15783651020008466,1.0,False,False
cfg_0148,0.1,0.1,0.1,0.0001,gaussian_diag_proxy,p99,8,False,200.0,120.0,0.8,0.25,0.017180752915950063,0.09381103515625,paired_wilcoxon,15,0.17501726311603472,0.15783651020008466,1.0,False,False
cfg_0149,0.1,0.1,0.1,0.0001,gaussian_diag_proxy,p99,8,True,200.0,120.0,0.8,0.25,0.017180752915950063,0.09381103515625,paired_wilcoxon,15,0.17501726311603472,0.15783651020008466,1.0,False,False
cfg_0276,0.3,0.0,0.5,0.0001,gaussian_diag_proxy,p99,8,False,200.0,120.0,0.8,0.25,0.017180752915950063,0.09381103515625,paired_wilcoxon,15,0.17501726311603472,0.15783651020008466,1.0,False,False
cfg_0277,0.3,0.0,0.5,0.0001,gaussian_diag_proxy,p99,8,True,200.0,120.0,0.8,0.25,0.017180752915950063,0.09381103515625,paired_wilcoxon,15,0.17501726311603472,0.15783651020008466,1.0,False,False
cfg_0372,0.3,0.1,0.5,0.0001,gaussian_diag_proxy,p99,8,False,200.0,120.0,0.8,0.25,0.017180752915950063,0.09381103515625,paired_wilcoxon,15,0.17501726311603472,0.15783651020008466,1.0,False,False
cfg_0373,0.3,0.1,0.5,0.0001,gaussian_diag_proxy,p99,8,True,200.0,120.0,0.8,0.25,0.017180752915950063,0.09381103515625,paired_wilcoxon,15,0.17501726311603472,0.15783651020008466,1.0,False,False
cfg_0036,0.1,0.0,0.1,1e-05,gaussian_diag_proxy,p99,8,False,200.0,120.0,0.8,0.25,0.017180762110737855,0.09381103515625,paired_wilcoxon,15,0.1750172730502353,0.15783651093949744,1.0,False,False
cfg_0037,0.1,0.0,0.1,1e-05,gaussian_diag_proxy,p99,8,True,200.0,120.0,0.8,0.25,0.017180762110737855,0.09381103515625,paired_wilcoxon,15,0.1750172730502353,0.15783651093949744,1.0,False,False
cfg_0132,0.1,0.1,0.1,1e-05,gaussian_diag_proxy,p99,8,False,200.0,120.0,0.8,0.25,0.017180762110737855,0.09381103515625,paired_wilcoxon,15,0.1750172730502353,0.15783651093949744,1.0,False,False
cfg_0133,0.1,0.1,0.1,1e-05,gaussian_diag_proxy,p99,8,True,200.0,120.0,0.8,0.25,0.017180762110737855,0.09381103515625,paired_wilcoxon,15,0.1750172730502353,0.15783651093949744,1.0,False,False
cfg_0260,0.3,0.0,0.5,1e-05,gaussian_diag_proxy,p99,8,False,200.0,120.0,0.8,0.25,0.017180762110737855,0.09381103515625,paired_wilcoxon,15,0.1750172730502353,0.15783651093949744,1.0,False,False
cfg_0261,0.3,0.0,0.5,1e-05,gaussian_diag_proxy,p99,8,True,200.0,120.0,0.8,0.25,0.017180762110737855,0.09381103515625,paired_wilcoxon,15,0.1750172730502353,0.15783651093949744,1.0,False,False
cfg_0356,0.3,0.1,0.5,1e-05,gaussian_diag_proxy,p99,8,False,200.0,120.0,0.8,0.25,0.017180762110737855,0.09381103515625,paired_wilcoxon,15,0.1750172730502353,0.15783651093949744,1.0,False,False
cfg_0357,0.3,0.1,0.5,1e-05,gaussian_diag_proxy,p99,8,True,200.0,120.0,0.8,0.25,0.017180762110737855,0.09381103515625,paired_wilcoxon,15,0.1750172730502353,0.15783651093949744,1.0,False,False
cfg_0245,0.3,0.0,0.1,0.0001,gaussian_diag_proxy,p99,8,True,200.0,120.0,0.8,0.25,0.017276760576932466,0.09381103515625,paired_wilcoxon,15,0.17511327077701713,0.15783651020008466,1.0,False,False
cfg_0341,0.3,0.1,0.1,0.0001,gaussian_diag_proxy,p99,8,True,200.0,120.0,0.8,0.25,0.017276760576932466,0.09381103515625,paired_wilcoxon,15,0.17511327077701713,0.15783651020008466,1.0,False,False
cfg_0229,0.3,0.0,0.1,1e-05,gaussian_diag_proxy,p99,8,True,200.0,120.0,0.8,0.25,0.017276770035208958,0.09381103515625,paired_wilcoxon,15,0.17511328097470635,0.15783651093949744,1.0,False,False
cfg_0325,0.3,0.1,0.1,1e-05,gaussian_diag_proxy,p99,8,True,200.0,120.0,0.8,0.25,0.017276770035208958,0.09381103515625,paired_wilcoxon,15,0.17511328097470635,0.15783651093949744,1.0,False,False
cfg_0340,0.3,0.1,0.1,0.0001,gaussian_diag_proxy,p99,8,False,200.0,120.0,0.8,0.25,0.01750977964317405,0.09381103515625,paired_wilcoxon,15,0.1753462898432587,0.15783651020008466,1.0,False,False
cfg_0324,0.3,0.1,0.1,1e-05,gaussian_diag_proxy,p99,8,False,200.0,120.0,0.8,0.25,0.017509786789674544,0.09381103515625,paired_wilcoxon,15,0.17534629772917196,0.15783651093949744,1.0,False,False
cfg_0084,0.1,0.0,0.5,0.0001,gaussian_diag_proxy,p99,8,False,200.0,120.0,0.8,0.25,0.017561508132079566,0.09381103515625,paired_wilcoxon,15,0.1753980183321642,0.15783651020008466,1.0,False,False
cfg_0085,0.1,0.0,0.5,0.0001,gaussian_diag_proxy,p99,8,True,200.0,120.0,0.8,0.25,0.017561508132079566,0.09381103515625,paired_wilcoxon,15,0.1753980183321642,0.15783651020008466,1.0,False,False
cfg_0180,0.1,0.1,0.5,0.0001,gaussian_diag_proxy,p99,8,False,200.0,120.0,0.8,0.25,0.017561508132079566,0.09381103515625,paired_wilcoxon,15,0.1753980183321642,0.15783651020008466,1.0,False,False
cfg_0181,0.1,0.1,0.5,0.0001,gaussian_diag_proxy,p99,8,True,200.0,120.0,0.8,0.25,0.017561508132079566,0.09381103515625,paired_wilcoxon,15,0.1753980183321642,0.15783651020008466,1.0,False,False
cfg_0068,0.1,0.0,0.5,1e-05,gaussian_diag_proxy,p99,8,False,200.0,120.0,0.8,0.25,0.01756151508740733,0.09381103515625,paired_wilcoxon,15,0.17539802602690474,0.15783651093949744,1.0,False,False
cfg_0069,0.1,0.0,0.5,1e-05,gaussian_diag_proxy,p99,8,True,200.0,120.0,0.8,0.25,0.01756151508740733,0.09381103515625,paired_wilcoxon,15,0.17539802602690474,0.15783651093949744,1.0,False,False
cfg_0164,0.1,0.1,0.5,1e-05,gaussian_diag_proxy,p99,8,False,200.0,120.0,0.8,0.25,0.01756151508740733,0.09381103515625,paired_wilcoxon,15,0.17539802602690474,0.15783651093949744,1.0,False,False
cfg_0165,0.1,0.1,0.5,1e-05,gaussian_diag_proxy,p99,8,True,200.0,120.0,0.8,0.25,0.01756151508740733,0.09381103515625,paired_wilcoxon,15,0.17539802602690474,0.15783651093949744,1.0,False,False
cfg_0078,0.1,0.0,0.5,1e-05,logistic_ratio_proxy,p99,16,False,200.0,120.0,0.8,0.25,0.020855964032046682,0.95269775390625,paired_wilcoxon,15,0.1555468158984237,0.134690851866377,1.0,False,False
cfg_0094,0.1,0.0,0.5,0.0001,logistic_ratio_proxy,p99,16,False,200.0,120.0,0.8,0.25,0.020855983109537797,0.95269775390625,paired_wilcoxon,15,0.15554683479590203,0.13469085168636424,1.0,False,False
cfg_0174,0.1,0.1,0.5,1e-05,logistic_ratio_proxy,p99,16,False,200.0,120.0,0.8,0.25,0.02110671055779153,0.9681396484375,paired_wilcoxon,15,0.15579756242416856,0.134690851866377,1.0,False,False
cfg_0190,0.1,0.1,0.5,0.0001,logistic_ratio_proxy,p99,16,False,200.0,120.0,0.8,0.25,0.021106728103250767,0.9681396484375,paired_wilcoxon,15,0.15579757978961503,0.13469085168636424,1.0,False,False
cfg_0171,0.1,0.1,0.5,1e-05,logistic_ratio_proxy,none,16,True,200.0,120.0,0.8,0.25,0.021598740962011795,0.972320556640625,paired_wilcoxon,15,0.15629870486781652,0.13469996390580474,1.0,False,False
cfg_0187,0.1,0.1,0.5,0.0001,logistic_ratio_proxy,none,16,True,200.0,120.0,0.8,0.25,0.021598746400781414,0.972320556640625,paired_wilcoxon,15,0.15629871012970195,0.13469996372892054,1.0,False,False
cfg_0270,0.3,0.0,0.5,1e-05,logistic_ratio_proxy,p99,16,False,200.0,120.0,0.8,0.25,0.02381312245267022,0.98492431640625,paired_wilcoxon,15,0.15850397431904725,0.134690851866377,1.0,False,False
cfg_0271,0.3,0.0,0.5,1e-05,logistic_ratio_proxy,p99,16,True,200.0,120.0,0.8,0.25,0.02381312245267022,0.98492431640625,paired_wilcoxon,15,0.15850397431904725,0.134690851866377,1.0,False,False
cfg_0367,0.3,0.1,0.5,1e-05,logistic_ratio_proxy,p99,16,True,200.0,120.0,0.8,0.25,0.02381312245267022,0.98492431640625,paired_wilcoxon,15,0.15850397431904725,0.134690851866377,1.0,False,False
cfg_0286,0.3,0.0,0.5,0.0001,logistic_ratio_proxy,p99,16,False,200.0,120.0,0.8,0.25,0.023813125700762126,0.98492431640625,paired_wilcoxon,15,0.15850397738712638,0.13469085168636424,1.0,False,False
cfg_0287,0.3,0.0,0.5,0.0001,logistic_ratio_proxy,p99,16,True,200.0,120.0,0.8,0.25,0.023813125700762126,0.98492431640625,paired_wilcoxon,15,0.15850397738712638,0.13469085168636424,1.0,False,False
cfg_0079,0.1,0.0,0.5,1e-05,logistic_ratio_proxy,p99,16,True,200.0,120.0,0.8,0.25,0.023848541119815374,0.9635009765625,paired_wilcoxon,15,0.15853939298619238,0.134690851866377,1.0,False,False
cfg_0095,0.1,0.0,0.5,0.0001,logistic_ratio_proxy,p99,16,True,200.0,120.0,0.8,0.25,0.023848562244942594,0.9635009765625,paired_wilcoxon,15,0.15853941393130683,0.13469085168636424,1.0,False,False
cfg_0175,0.1,0.1,0.5,1e-05,logistic_ratio_proxy,p99,16,True,200.0,120.0,0.8,0.25,0.024099287645560227,0.976043701171875,paired_wilcoxon,15,0.15879013951193724,0.134690851866377,1.0,False,False
cfg_0191,0.1,0.1,0.5,0.0001,logistic_ratio_proxy,p99,16,True,200.0,120.0,0.8,0.25,0.024099307238655568,0.976043701171875,paired_wilcoxon,15,0.15879015892501983,0.13469085168636424,1.0,False,False
cfg_0366,0.3,0.1,0.5,1e-05,logistic_ratio_proxy,p99,16,False,200.0,120.0,0.8,0.25,0.02436464552526358,0.98492431640625,paired_wilcoxon,15,0.1590554973916406,0.134690851866377,1.0,False,False
cfg_0382,0.3,0.1,0.5,0.0001,logistic_ratio_proxy,p99,16,False,200.0,120.0,0.8,0.25,0.024364646024690944,0.98492431640625,paired_wilcoxon,15,0.15905549771105518,0.13469085168636424,1.0,False,False
cfg_0034,0.1,0.0,0.1,1e-05,gaussian_diag_proxy,none,16,False,200.0,120.0,0.8,0.25,0.02557577781806984,0.29974365234375,paired_wilcoxon,15,0.18767838565406725,0.16210260783599742,1.0,False,False
cfg_0130,0.1,0.1,0.1,1e-05,gaussian_diag_proxy,none,16,False,200.0,120.0,0.8,0.25,0.02557577781806984,0.29974365234375,paired_wilcoxon,15,0.18767838565406725,0.16210260783599742,1.0,False,False
cfg_0050,0.1,0.0,0.1,0.0001,gaussian_diag_proxy,none,16,False,200.0,120.0,0.8,0.25,0.025575791872538164,0.29974365234375,paired_wilcoxon,15,0.18767839902698283,0.1621026071544446,1.0,False,False
cfg_0146,0.1,0.1,0.1,0.0001,gaussian_diag_proxy,none,16,False,200.0,120.0,0.8,0.25,0.025575791872538164,0.29974365234375,paired_wilcoxon,15,0.18767839902698283,0.1621026071544446,1.0,False,False
cfg_0226,0.3,0.0,0.1,1e-05,gaussian_diag_proxy,none,16,False,200.0,120.0,0.8,0.25,0.02672309098076067,0.29974365234375,paired_wilcoxon,15,0.1888256988167581,0.16210260783599742,1.0,False,False
cfg_0322,0.3,0.1,0.1,1e-05,gaussian_diag_proxy,none,16,False,200.0,120.0,0.8,0.25,0.02672309098076067,0.29974365234375,paired_wilcoxon,15,0.1888256988167581,0.16210260783599742,1.0,False,False
cfg_0242,0.3,0.0,0.1,0.0001,gaussian_diag_proxy,none,16,False,200.0,120.0,0.8,0.25,0.026723104325235485,0.29974365234375,paired_wilcoxon,15,0.18882571147968014,0.1621026071544446,1.0,False,False
cfg_0338,0.3,0.1,0.1,0.0001,gaussian_diag_proxy,none,16,False,200.0,120.0,0.8,0.25,0.026723104325235485,0.29974365234375,paired_wilcoxon,15,0.18882571147968014,0.1621026071544446,1.0,False,False
cfg_0306,0.3,0.1,0.0,0.0001,gaussian_diag_proxy,none,16,False,200.0,120.0,0.8,0.25,0.0268300879705938,0.8955737818370751,paired_t_test,15,0.18893269512503844,0.1621026071544446,1.0,False,False
cfg_0307,0.3,0.1,0.0,0.0001,gaussian_diag_proxy,none,16,True,200.0,120.0,0.8,0.25,0.0268300879705938,0.8955737818370751,paired_t_test,15,0.18893269512503844,0.1621026071544446,1.0,False,False
cfg_0290,0.3,0.1,0.0,1e-05,gaussian_diag_proxy,none,16,False,200.0,120.0,0.8,0.25,0.02683010558167868,0.8955737756253921,paired_t_test,15,0.18893271341767606,0.16210260783599742,1.0,False,False
cfg_0291,0.3,0.1,0.0,1e-05,gaussian_diag_proxy,none,16,True,200.0,120.0,0.8,0.25,0.02683010558167868,0.8955737756253921,paired_t_test,15,0.18893271341767606,0.16210260783599742,1.0,False,False
cfg_0075,0.1,0.0,0.5,1e-05,logistic_ratio_proxy,none,16,True,200.0,120.0,0.8,0.25,0.029316770506508882,0.9793701171875,paired_wilcoxon,15,0.16401673441231363,0.13469996390580474,1.0,False,False
cfg_0091,0.1,0.0,0.5,0.0001,logistic_ratio_proxy,none,16,True,200.0,120.0,0.8,0.25,0.029316777172822342,0.9793701171875,paired_wilcoxon,15,0.1640167409017429,0.13469996372892054,1.0,False,False
cfg_0266,0.3,0.0,0.5,1e-05,logistic_ratio_proxy,none,16,False,200.0,120.0,0.8,0.25,0.029945501031724952,0.982330322265625,paired_wilcoxon,15,0.16464546493752968,0.13469996390580474,1.0,False,False
cfg_0362,0.3,0.1,0.5,1e-05,logistic_ratio_proxy,none,16,False,200.0,120.0,0.8,0.25,0.029945501031724952,0.982330322265625,paired_wilcoxon,15,0.16464546493752968,0.13469996390580474,1.0,False,False
cfg_0363,0.3,0.1,0.5,1e-05,logistic_ratio_proxy,none,16,True,200.0,120.0,0.8,0.25,0.029945501031724952,0.982330322265625,paired_wilcoxon,15,0.16464546493752968,0.13469996390580474,1.0,False,False
cfg_0282,0.3,0.0,0.5,0.0001,logistic_ratio_proxy,none,16,False,200.0,120.0,0.8,0.25,0.029945508212562914,0.982330322265625,paired_wilcoxon,15,0.16464547194148346,0.13469996372892054,1.0,False,False
cfg_0378,0.3,0.1,0.5,0.0001,logistic_ratio_proxy,none,16,False,200.0,120.0,0.8,0.25,0.029945508212562914,0.982330322265625,paired_wilcoxon,15,0.16464547194148346,0.13469996372892054,1.0,False,False
cfg_0379,0.3,0.1,0.5,0.0001,logistic_ratio_proxy,none,16,True,200.0,120.0,0.8,0.25,0.029945508212562914,0.982330322265625,paired_wilcoxon,15,0.16464547194148346,0.13469996372892054,1.0,False,False
cfg_0267,0.3,0.0,0.5,1e-05,logistic_ratio_proxy,none,16,True,200.0,120.0,0.8,0.25,0.030081989264325336,0.9793701171875,paired_wilcoxon,15,0.16478195317013006,0.13469996390580474,1.0,False,False
cfg_0283,0.3,0.0,0.5,0.0001,logistic_ratio_proxy,none,16,True,200.0,120.0,0.8,0.25,0.03008200584329374,0.9793701171875,paired_wilcoxon,15,0.16478196957221428,0.13469996372892054,1.0,False,False
cfg_0210,0.3,0.0,0.0,0.0001,gaussian_diag_proxy,none,16,False,200.0,120.0,0.8,0.25,0.030176934273144808,0.898471883841484,paired_t_test,15,0.19227954142758946,0.1621026071544446,1.0,False,False
cfg_0211,0.3,0.0,0.0,0.0001,gaussian_diag_proxy,none,16,True,200.0,120.0,0.8,0.25,0.030176934273144808,0.898471883841484,paired_t_test,15,0.19227954142758946,0.1621026071544446,1.0,False,False
cfg_0194,0.3,0.0,0.0,1e-05,gaussian_diag_proxy,none,16,False,200.0,120.0,0.8,0.25,0.030176956695562338,0.8984718693031719,paired_t_test,15,0.19227956453155973,0.16210260783599742,1.0,False,False
cfg_0195,0.3,0.0,0.0,1e-05,gaussian_diag_proxy,none,16,True,200.0,120.0,0.8,0.25,0.030176956695562338,0.8984718693031719,paired_t_test,15,0.19227956453155973,0.16210260783599742,1.0,False,False
cfg_0035,0.1,0.0,0.1,1e-05,gaussian_diag_proxy,none,16,True,200.0,120.0,0.8,0.25,0.0320282249240511,0.3193359375,paired_wilcoxon,15,0.19413083276004853,0.16210260783599742,1.0,False,False
cfg_0131,0.1,0.1,0.1,1e-05,gaussian_diag_proxy,none,16,True,200.0,120.0,0.8,0.25,0.0320282249240511,0.3193359375,paired_wilcoxon,15,0.19413083276004853,0.16210260783599742,1.0,False,False
cfg_0051,0.1,0.0,0.1,0.0001,gaussian_diag_proxy,none,16,True,200.0,120.0,0.8,0.25,0.03202824231929699,0.3193359375,paired_wilcoxon,15,0.19413084947374162,0.1621026071544446,1.0,False,False
cfg_0147,0.1,0.1,0.1,0.0001,gaussian_diag_proxy,none,16,True,200.0,120.0,0.8,0.25,0.03202824231929699,0.3193359375,paired_wilcoxon,15,0.19413084947374162,0.1621026071544446,1.0,False,False
cfg_0066,0.1,0.0,0.5,1e-05,gaussian_diag_proxy,none,16,False,200.0,120.0,0.8,0.25,0.03216828851574436,0.3193359375,paired_wilcoxon,15,0.19427089635174177,0.16210260783599742,1.0,False,False
cfg_0162,0.1,0.1,0.5,1e-05,gaussian_diag_proxy,none,16,False,200.0,120.0,0.8,0.25,0.03216828851574436,0.3193359375,paired_wilcoxon,15,0.19427089635174177,0.16210260783599742,1.0,False,False
cfg_0082,0.1,0.0,0.5,0.0001,gaussian_diag_proxy,none,16,False,200.0,120.0,0.8,0.25,0.032168308354995276,0.3193359375,paired_wilcoxon,15,0.1942709155094399,0.1621026071544446,1.0,False,False
cfg_0178,0.1,0.1,0.5,0.0001,gaussian_diag_proxy,none,16,False,200.0,120.0,0.8,0.25,0.032168308354995276,0.3193359375,paired_wilcoxon,15,0.1942709155094399,0.1621026071544446,1.0,False,False
cfg_0067,0.1,0.0,0.5,1e-05,gaussian_diag_proxy,none,16,True,200.0,120.0,0.8,0.25,0.03228907028430177,0.3193359375,paired_wilcoxon,15,0.1943916781202992,0.16210260783599742,1.0,False,False
cfg_0163,0.1,0.1,0.5,1e-05,gaussian_diag_proxy,none,16,True,200.0,120.0,0.8,0.25,0.03228907028430177,0.3193359375,paired_wilcoxon,15,0.1943916781202992,0.16210260783599742,1.0,False,False
cfg_0083,0.1,0.0,0.5,0.0001,gaussian_diag_proxy,none,16,True,200.0,120.0,0.8,0.25,0.032289077492919996,0.3193359375,paired_wilcoxon,15,0.19439168464736462,0.1621026071544446,1.0,False,False
cfg_0179,0.1,0.1,0.5,0.0001,gaussian_diag_proxy,none,16,True,200.0,120.0,0.8,0.25,0.032289077492919996,0.3193359375,paired_wilcoxon,15,0.19439168464736462,0.1621026071544446,1.0,False,False
cfg_0227,0.3,0.0,0.1,1e-05,gaussian_diag_proxy,none,16,True,200.0,120.0,0.8,0.25,0.03317553808674194,0.3193359375,paired_wilcoxon,15,0.19527814592273937,0.16210260783599742,1.0,False,False
cfg_0323,0.3,0.1,0.1,1e-05,gaussian_diag_proxy,none,16,True,200.0,120.0,0.8,0.25,0.03317553808674194,0.3193359375,paired_wilcoxon,15,0.19527814592273937,0.16210260783599742,1.0,False,False
cfg_0243,0.3,0.0,0.1,0.0001,gaussian_diag_proxy,none,16,True,200.0,120.0,0.8,0.25,0.03317555477199432,0.3193359375,paired_wilcoxon,15,0.19527816192643896,0.1621026071544446,1.0,False,False
cfg_0339,0.3,0.1,0.1,0.0001,gaussian_diag_proxy,none,16,True,200.0,120.0,0.8,0.25,0.03317555477199432,0.3193359375,paired_wilcoxon,15,0.19527816192643896,0.1621026071544446,1.0,False,False
cfg_0258,0.3,0.0,0.5,1e-05,gaussian_diag_proxy,none,16,False,200.0,120.0,0.8,0.25,0.03328374802861974,0.3193359375,paired_wilcoxon,15,0.1953863558646172,0.16210260783599742,1.0,False,False
cfg_0259,0.3,0.0,0.5,1e-05,gaussian_diag_proxy,none,16,True,200.0,120.0,0.8,0.25,0.03328374802861974,0.3193359375,paired_wilcoxon,15,0.1953863558646172,0.16210260783599742,1.0,False,False
cfg_0354,0.3,0.1,0.5,1e-05,gaussian_diag_proxy,none,16,False,200.0,120.0,0.8,0.25,0.03328374802861974,0.3193359375,paired_wilcoxon,15,0.1953863558646172,0.16210260783599742,1.0,False,False
cfg_0355,0.3,0.1,0.5,1e-05,gaussian_diag_proxy,none,16,True,200.0,120.0,0.8,0.25,0.03328374802861974,0.3193359375,paired_wilcoxon,15,0.1953863558646172,0.16210260783599742,1.0,False,False
cfg_0274,0.3,0.0,0.5,0.0001,gaussian_diag_proxy,none,16,False,200.0,120.0,0.8,0.25,0.03328375160090164,0.3193359375,paired_wilcoxon,15,0.19538635875534627,0.1621026071544446,1.0,False,False
cfg_0275,0.3,0.0,0.5,0.0001,gaussian_diag_proxy,none,16,True,200.0,120.0,0.8,0.25,0.03328375160090164,0.3193359375,paired_wilcoxon,15,0.19538635875534627,0.1621026071544446,1.0,False,False
cfg_0370,0.3,0.1,0.5,0.0001,gaussian_diag_proxy,none,16,False,200.0,120.0,0.8,0.25,0.03328375160090164,0.3193359375,paired_wilcoxon,15,0.19538635875534627,0.1621026071544446,1.0,False,False
cfg_0371,0.3,0.1,0.5,0.0001,gaussian_diag_proxy,none,16,True,200.0,120.0,0.8,0.25,0.03328375160090164,0.3193359375,paired_wilcoxon,15,0.19538635875534627,0.1621026071544446,1.0,False,False
